,contractSymbol,strike,bid,ask,impliedVolatility,price,remaining
822,MSFT231215C00160000,160,213.25,215.5,3.887695593,373.04,4
823,MSFT231215C00165000,165,208.75,211.45,4.073247096,373.04,4
824,MSFT231215C00170000,170,202.55,205.65,3.49511845,373.04,4
825,MSFT231215C00175000,175,198.2,200.2,3.429688926,373.04,4
826,MSFT231215C00180000,180,193.15,195.05,3.264650276,373.04,4
827,MSFT231215C00185000,185,188.65,190.05,3.272462756,373.04,4
828,MSFT231215C00190000,190,183,185.25,3.059572664,373.04,4
829,MSFT231215C00195000,195,174.65,176.95,1.00E-05,373.04,4
830,MSFT231215C00200000,200,172.9,175.3,2.84082321,373.04,4
831,MSFT231215C00205000,205,164.95,166.8,1.00E-05,373.04,4
832,MSFT231215C00210000,210,163.3,165.5,2.764651526,373.04,4
833,MSFT231215C00215000,215,158.45,160.4,2.674808,373.04,4
834,MSFT231215C00220000,220,152.9,155.4,2.475589749,373.04,4
835,MSFT231215C00225000,225,147.5,150.35,2.291019897,373.04,4
836,MSFT231215C00230000,230,143.2,145.45,2.355961141,373.04,4
837,MSFT231215C00235000,235,138.5,140.55,2.32959402,373.04,4
838,MSFT231215C00240000,240,133.5,135.05,2.16064913,373.04,4
839,MSFT231215C00245000,245,128.25,130.25,2.066411084,373.04,4
840,MSFT231215C00250000,250,123.7,125.25,2.048344723,373.04,4
841,MSFT231215C00255000,255,118.05,120.65,1.927734736,373.04,4
842,MSFT231215C00260000,260,113.1,115.1,1.77050896,373.04,4
843,MSFT231215C00265000,265,108.8,110.6,1.851319103,373.04,4
844,MSFT231215C00270000,270,102.55,105.15,1.534182017,373.04,4
845,MSFT231215C00275000,275,98.15,100.75,1.627443269,373.04,4
846,MSFT231215C00280000,280,93,95.8,1.536135132,373.04,4
847,MSFT231215C00285000,285,88.05,90.65,1.446291831,373.04,4
848,MSFT231215C00290000,290,83.2,85.7,1.391604604,373.04,4
849,MSFT231215C00295000,295,78.4,80.4,1.304446837,373.04,4
850,MSFT231215C00300000,300,73.15,75.3,1.192142711,373.04,4
851,MSFT231215C00305000,305,68.45,70.35,1.153812825,373.04,4
852,MSFT231215C00310000,310,63.15,65.75,1.088383464,373.04,4
853,MSFT231215C00315000,315,58.65,60.7,1.051274275,373.04,4
854,MSFT231215C00320000,320,53.55,55.5,0.951904778,373.04,4
855,MSFT231215C00325000,325,48.55,50,0.837892246,373.04,4
856,MSFT231215C00330000,330,43.35,45.25,0.769289417,373.04,4
857,MSFT231215C00335000,335,38.8,40,0.710940391,373.04,4
858,MSFT231215C00337500,337.5,35.15,37.9,0.61963271,373.04,4
859,MSFT231215C00340000,340,33.7,34.85,0.620365125,373.04,4
860,MSFT231215C00342500,342.5,30.55,33.35,0.605960972,373.04,4
861,MSFT231215C00345000,345,28.55,30.4,0.57129335,373.04,4
862,MSFT231215C00347500,347.5,26,27.9,0.530522273,373.04,4
863,MSFT231215C00350000,350,23.7,25.4,0.502934658,373.04,4
864,MSFT231215C00352500,352.5,20.3,22.45,0.502934658,373.04,4
865,MSFT231215C00355000,355,18.75,20.9,0.541508491,373.04,4
866,MSFT231215C00357500,357.5,15.8,18.5,0.503422935,373.04,4
867,MSFT231215C00360000,360,14.2,15.35,0.407598698,373.04,4
868,MSFT231215C00362500,362.5,12.4,12.9,0.365240723,373.04,4
869,MSFT231215C00365000,365,10.45,10.7,0.337653108,373.04,4
870,MSFT231215C00367500,367.5,8.4,8.65,0.31445998,373.04,4
871,MSFT231215C00370000,370,6.55,6.75,0.293219958,373.04,4
872,MSFT231215C00372500,372.5,4.95,5.1,0.277228907,373.04,4
873,MSFT231215C00375000,375,3.6,3.75,0.267097173,373.04,4
874,MSFT231215C00377500,377.5,2.52,2.61,0.256355093,373.04,4
875,MSFT231215C00380000,380,1.71,1.77,0.250373707,373.04,4
876,MSFT231215C00382500,382.5,1.12,1.18,0.248054395,373.04,4
877,MSFT231215C00385000,385,0.72,0.8,0.250617845,373.04,4
878,MSFT231215C00387500,387.5,0.43,0.5,0.249030947,373.04,4
879,MSFT231215C00390000,390,0.31,0.32,0.251228191,373.04,4
880,MSFT231215C00392500,392.5,0.1,0.22,0.25806406,373.04,4
881,MSFT231215C00395000,395,0.12,0.14,0.261237856,373.04,4
882,MSFT231215C00397500,397.5,0,0.1,0.269538555,373.04,4
883,MSFT231215C00400000,400,0.07,0.08,0.28223374,373.04,4
884,MSFT231215C00405000,405,0.04,0.05,0.304694453,373.04,4
885,MSFT231215C00410000,410,0.02,0.03,0.324225508,373.04,4
886,MSFT231215C00415000,415,0,0.02,0.343756563,373.04,4
887,MSFT231215C00420000,420,0.01,0.22,0.514653291,373.04,4
888,MSFT231215C00425000,425,0.01,0.02,0.410162148,373.04,4
889,MSFT231215C00430000,430,0,0.21,0.538090557,373.04,4
890,MSFT231215C00435000,435,0,0.21,0.576176113,373.04,4
891,MSFT231215C00440000,440,0,0.01,0.476567734,373.04,4
892,MSFT231215C00445000,445,0,0.2,0.644534805,373.04,4
893,MSFT231215C00450000,450,0,0.01,0.500005,373.04,4
894,MSFT231215C00455000,455,0,0.15,0.68945623,373.04,4
895,MSFT231215C00460000,460,0,0.21,0.751955605,373.04,4
896,MSFT231215C00465000,465,0,0.01,0.593754063,373.04,4
897,MSFT231215C00470000,470,0,0.05,0.703127969,373.04,4
898,MSFT231215C00475000,475,0,0.45,0.937500625,373.04,4
899,MSFT231215C00480000,480,0,0.06,0.773439766,373.04,4
900,MSFT231215C00485000,485,0,0.05,0.789064609,373.04,4
901,MSFT231215C00490000,490,0,0.01,0.718752813,373.04,4
902,MSFT231215C00495000,495,0,0.05,0.843751562,373.04,4
903,MSFT231215C00500000,500,0,0.01,0.7500025,373.04,4
904,MSFT231215C00505000,505,0,2.13,1.443850437,373.04,4
905,MSFT231215C00510000,510,0,0.1,0.984375156,373.04,4
906,MSFT231215C00515000,515,0,0.02,0.87500125,373.04,4
907,MSFT231215C00520000,520,0,0.02,0.898438516,373.04,4
908,MSFT231215C00525000,525,0,0.21,1.148441758,373.04,4
909,MSFT231215C00530000,530,0,0.51,1.309573765,373.04,4
910,MSFT231215C00535000,535,0,2.13,1.658204834,373.04,4
911,MSFT231215C00540000,540,0,0.01,0.937500625,373.04,4
912,MSFT231222C00190000,190,180.6,182.05,1.00E-05,373.04,11
913,MSFT231222C00200000,200,173.6,175.55,1.959472859,373.04,11
914,MSFT231222C00210000,210,163.9,165.4,1.841797666,373.04,11
915,MSFT231222C00235000,235,135.15,137.9,1.00E-05,373.04,11
916,MSFT231222C00240000,240,133.65,135.85,1.486818972,373.04,11
917,MSFT231222C00245000,245,127.75,130.95,1.354007136,373.04,11
918,MSFT231222C00250000,250,123.5,125.75,1.349124348,373.04,11
919,MSFT231222C00255000,255,118,121,1.271488018,373.04,11
920,MSFT231222C00275000,275,98.8,101.05,1.11890089,373.04,11
921,MSFT231222C00280000,280,93.65,95.95,1.048588741,373.04,11
922,MSFT231222C00290000,290,84.15,86.1,0.982910327,373.04,11
923,MSFT231222C00295000,295,78.35,80.95,0.874512974,373.04,11
924,MSFT231222C00300000,300,73.45,76.25,0.847657773,373.04,11
925,MSFT231222C00305000,305,69.1,71.1,0.823243955,373.04,11
926,MSFT231222C00310000,310,63.95,66.1,0.764284584,373.04,11
927,MSFT231222C00315000,315,58,61.05,0.66260103,373.04,11
928,MSFT231222C00320000,320,53.95,55.65,0.641727216,373.04,11
929,MSFT231222C00325000,325,48.1,51.05,0.571049211,373.04,11
930,MSFT231222C00330000,330,43.6,45.85,0.536137451,373.04,11
931,MSFT231222C00335000,335,38.7,41.25,0.506840869,373.04,11
932,MSFT231222C00340000,340,33.85,35.85,0.515263636,373.04,11
933,MSFT231222C00345000,345,29.4,31.5,0.497807756,373.04,11
934,MSFT231222C00347500,347.5,26.75,28.8,0.457769094,373.04,11
935,MSFT231222C00350000,350,23.85,26.9,0.460210476,373.04,11
936,MSFT231222C00352500,352.5,22,24.2,0.419927676,373.04,11
937,MSFT231222C00355000,355,19.7,22.5,0.427556994,373.04,11
938,MSFT231222C00357500,357.5,17.5,18.55,0.327399304,373.04,11
939,MSFT231222C00360000,360,15.95,16.25,0.306220317,373.04,11
940,MSFT231222C00362500,362.5,13.65,14.15,0.292060302,373.04,11
941,MSFT231222C00365000,365,11.8,12.1,0.277045804,373.04,11
942,MSFT231222C00367500,367.5,8,10.15,0.262702686,373.04,11
943,MSFT231222C00370000,370,8,8.35,0.250068535,373.04,11
944,MSFT231222C00372500,372.5,6.55,6.95,0.247566118,373.04,11
945,MSFT231222C00375000,375,5.2,5.4,0.234016449,373.04,11
946,MSFT231222C00377500,377.5,4.05,4.5,0.239021282,373.04,11
947,MSFT231222C00380000,380,3.05,3.2,0.222297816,373.04,11
948,MSFT231222C00382500,382.5,2.2,2.4,0.218757812,373.04,11
949,MSFT231222C00385000,385,1.7,1.96,0.225654716,373.04,11
950,MSFT231222C00387500,387.5,1.14,1.29,0.214851602,373.04,11
951,MSFT231222C00390000,390,0.71,0.99,0.218391605,373.04,11
952,MSFT231222C00392500,392.5,0.61,0.7,0.217292983,373.04,11
953,MSFT231222C00395000,395,0.44,0.7,0.236824038,373.04,11
954,MSFT231222C00397500,397.5,0.33,0.38,0.221931609,373.04,11
955,MSFT231222C00400000,400,0.24,0.3,0.227790925,373.04,11
956,MSFT231222C00405000,405,0.15,0.16,0.232917827,373.04,11
957,MSFT231222C00410000,410,0.09,0.1,0.243171631,373.04,11
958,MSFT231222C00415000,415,0.02,0.08,0.261726133,373.04,11
959,MSFT231222C00420000,420,0.03,0.06,0.276374424,373.04,11
960,MSFT231222C00425000,425,0.02,0.05,0.293952373,373.04,11
961,MSFT231222C00430000,430,0,0.04,0.308600664,373.04,11
962,MSFT231222C00435000,435,0,0.23,0.415044912,373.04,11
963,MSFT231222C00440000,440,0,0.22,0.437993901,373.04,11
964,MSFT231222C00445000,445,0,0.52,0.531742964,373.04,11
965,MSFT231222C00450000,450,0,0.22,0.487309814,373.04,11
966,MSFT231222C00455000,455,0,0.52,0.523930542,373.04,11
967,MSFT231222C00460000,460,0,0.52,0.547856084,373.04,11
968,MSFT231222C00465000,465,0,0.21,0.506840869,373.04,11
969,MSFT231229C00190000,190,184.25,185.9,1.76220822,373.04,18
970,MSFT231229C00200000,200,173.55,176,1.59424031,373.04,18
971,MSFT231229C00210000,210,163.9,165.6,1.480959626,373.04,18
972,MSFT231229C00220000,220,154.25,155.65,1.407961945,373.04,18
973,MSFT231229C00230000,230,144.1,145.65,1.295901958,373.04,18
974,MSFT231229C00235000,235,138.9,141.15,1.267337648,373.04,18
975,MSFT231229C00250000,250,124,126.25,1.135990648,373.04,18
976,MSFT231229C00270000,270,104,106.35,0.958984785,373.04,18
977,MSFT231229C00275000,275,99.35,100.85,0.907349559,373.04,18
978,MSFT231229C00280000,280,94.25,96.15,0.873780559,373.04,18
979,MSFT231229C00285000,285,88.7,91.3,0.811525322,373.04,18
980,MSFT231229C00290000,290,83.55,86.45,0.769533555,373.04,18
981,MSFT231229C00300000,300,73.25,76.45,0.673587249,373.04,18
982,MSFT231229C00305000,305,68.9,71.25,0.652103088,373.04,18
983,MSFT231229C00310000,310,63.85,66.35,0.613285117,373.04,18
984,MSFT231229C00315000,315,58.35,61.45,0.557377473,373.04,18
985,MSFT231229C00320000,320,54.7,56.2,0.555912644,373.04,18
986,MSFT231229C00325000,325,49.2,51.35,0.503056727,373.04,18
987,MSFT231229C00330000,330,44,46.65,0.538822971,373.04,18
988,MSFT231229C00335000,335,39.15,41.5,0.486211193,373.04,18
989,MSFT231229C00340000,340,34,37.1,0.468755313,373.04,18
990,MSFT231229C00345000,345,29.75,32,0.417486294,373.04,18
991,MSFT231229C00350000,350,24.65,26.95,0.367804174,373.04,18
992,MSFT231229C00355000,355,21.35,21.65,0.307563077,373.04,18
993,MSFT231229C00360000,360,16.85,17.25,0.279182013,373.04,18
994,MSFT231229C00365000,365,12.65,13.15,0.254096815,373.04,18
995,MSFT231229C00370000,370,9.3,9.9,0.245185771,373.04,18
996,MSFT231229C00375000,375,6.4,6.55,0.219978503,373.04,18
997,MSFT231229C00380000,380,4.15,4.25,0.210151942,373.04,18
998,MSFT231229C00385000,385,2.6,2.67,0.206001592,373.04,18
999,MSFT231229C00390000,390,1.46,1.59,0.203132969,373.04,18
1000,MSFT231229C00395000,395,0.88,0.94,0.203743314,373.04,18
1001,MSFT231229C00400000,400,0.51,0.57,0.207649525,373.04,18
1002,MSFT231229C00405000,405,0.3,0.35,0.212654358,373.04,18
1003,MSFT231229C00410000,410,0.01,0.23,0.22046678,373.04,18
1004,MSFT231229C00415000,415,0.13,0.16,0.229744031,373.04,18
1005,MSFT231229C00420000,420,0.1,0.11,0.237800591,373.04,18
1006,MSFT231229C00425000,425,0.06,0.09,0.250984053,373.04,18
1007,MSFT231229C00430000,430,0.03,0.07,0.261726133,373.04,18
1008,MSFT231229C00435000,435,0,0.06,0.275397871,373.04,18
1009,MSFT231229C00440000,440,0,0.04,0.280280635,373.04,18
1010,MSFT231229C00445000,445,0.01,0.04,0.296882031,373.04,18
1011,MSFT231229C00450000,450,0,2.15,0.509892596,373.04,18
1012,MSFT231229C00455000,455,0,2.14,0.532475378,373.04,18
1013,MSFT231229C00460000,460,0,0.02,0.324225508,373.04,18
1014,MSFT231229C00465000,465,0,0.03,0.351568984,373.04,18
1015,MSFT231229C00470000,470,0,0.03,0.367193828,373.04,18
1016,MSFT231229C00480000,480,0,2.13,0.640872732,373.04,18
1017,MSFT231229C00485000,485,0,0.11,0.471684971,373.04,18
1018,MSFT240105C00190000,190,183.75,186.05,1.479983069,373.04,25
1019,MSFT240105C00200000,200,174.1,176.2,1.416506824,373.04,25
1020,MSFT240105C00255000,255,118.8,121.55,0.936279934,373.04,25
1021,MSFT240105C00295000,295,79.55,81.65,0.665652758,373.04,25
1022,MSFT240105C00300000,300,74.2,76.6,0.615482361,373.04,25
1023,MSFT240105C00305000,305,69.8,71.95,0.609134768,373.04,25
1024,MSFT240105C00310000,310,64,66.95,0.548222291,373.04,25
1025,MSFT240105C00315000,315,60,62.05,0.543339528,373.04,25
1026,MSFT240105C00320000,320,54.45,56.65,0.537480211,373.04,25
1027,MSFT240105C00325000,325,49.05,52.15,0.521611229,373.04,25
1028,MSFT240105C00330000,330,44.65,46.95,0.473638076,373.04,25
1029,MSFT240105C00335000,335,40,42.6,0.46039358,373.04,25
1030,MSFT240105C00340000,340,35.55,37.4,0.412176288,373.04,25
1031,MSFT240105C00345000,345,29.45,32.95,0.390692128,373.04,25
1032,MSFT240105C00350000,350,25.7,27.1,0.319586882,373.04,25
1033,MSFT240105C00355000,355,21.3,22.5,0.290412369,373.04,25
1034,MSFT240105C00360000,360,16.95,18.25,0.26813476,373.04,25
1035,MSFT240105C00365000,365,12.3,14.8,0.261726133,373.04,25
1036,MSFT240105C00370000,370,10.55,11.4,0.247871291,373.04,25
1037,MSFT240105C00375000,375,7.05,7.8,0.219612296,373.04,25
1038,MSFT240105C00380000,380,3.55,5.45,0.211494702,373.04,25
1039,MSFT240105C00385000,385,2.92,3.65,0.205574351,373.04,25
1040,MSFT240105C00390000,390,2.18,2.39,0.202827796,373.04,25
1041,MSFT240105C00395000,395,1.11,1.54,0.202278485,373.04,25
1042,MSFT240105C00400000,400,0.88,0.99,0.203743314,373.04,25
1043,MSFT240105C00405000,405,0.39,0.64,0.206550903,373.04,25
1044,MSFT240105C00410000,410,0.38,0.51,0.218879882,373.04,25
1045,MSFT240105C00415000,415,0.05,0.29,0.216560569,373.04,25
1046,MSFT240105C00420000,420,0.18,0.21,0.224128853,373.04,25
1047,MSFT240105C00425000,425,0.13,0.16,0.232673689,373.04,25
1048,MSFT240105C00430000,430,0.1,0.12,0.240241973,373.04,25
1049,MSFT240105C00435000,435,0.07,0.1,0.250984053,373.04,25
1050,MSFT240105C00440000,440,0,0.08,0.259773027,373.04,25
1051,MSFT240105C00445000,445,0,0.06,0.265632344,373.04,25
1052,MSFT240105C00450000,450,0.02,0.05,0.274421318,373.04,25
1053,MSFT240105C00455000,455,0,0.05,0.289069609,373.04,25
1054,MSFT240105C00460000,460,0.01,0.04,0.294928926,373.04,25
1055,MSFT240105C00465000,465,0,0.04,0.308600664,373.04,25
1056,MSFT240105C00470000,470,0,2.03,0.506840869,373.04,25
1057,MSFT240105C00475000,475,0,2.14,0.530522273,373.04,25
1058,MSFT240105C00485000,485,0,0.02,0.337897246,373.04,25
1059,MSFT240105C00505000,505,0,2.13,0.633182379,373.04,25
1060,MSFT240112C00240000,240,133.6,136.75,0.939209592,373.04,32
1061,MSFT240112C00245000,245,128.75,131.85,0.91394129,373.04,32
1062,MSFT240112C00260000,260,114.45,116.3,0.812501875,373.04,32
1063,MSFT240112C00290000,290,84.65,87.2,0.643680321,373.04,32
1064,MSFT240112C00340000,340,36.45,38.55,0.403021107,373.04,32
1065,MSFT240112C00345000,345,31,33.8,0.372442799,373.04,32
1066,MSFT240112C00350000,350,26.75,28.35,0.32062447,373.04,32
1067,MSFT240112C00355000,355,22.3,24.35,0.308112388,373.04,32
1068,MSFT240112C00360000,360,18.15,19.55,0.271003384,373.04,32
1069,MSFT240112C00365000,365,14.25,15.95,0.259467855,373.04,32
1070,MSFT240112C00370000,370,11,12.2,0.238105764,373.04,32
1071,MSFT240112C00375000,375,9.05,9.25,0.227363683,373.04,32
1072,MSFT240112C00380000,380,6.6,6.75,0.217903329,373.04,32
1073,MSFT240112C00385000,385,4.65,4.85,0.212867979,373.04,32
1074,MSFT240112C00390000,390,3.2,3.35,0.208137802,373.04,32
1075,MSFT240112C00395000,395,1.2,2.27,0.205452281,373.04,32
1076,MSFT240112C00400000,400,0.29,1.56,0.206062627,373.04,32
1077,MSFT240112C00405000,405,0.45,1.04,0.206306765,373.04,32
1078,MSFT240112C00410000,410,0.26,0.7,0.208015732,373.04,32
1079,MSFT240112C00415000,415,0.25,0.49,0.211921943,373.04,32
1080,MSFT240112C00420000,420,0.31,0.36,0.21778126,373.04,32
1081,MSFT240112C00425000,425,0.23,0.27,0.224128853,373.04,32
1082,MSFT240112C00430000,430,0.17,0.21,0.23120886,373.04,32
1083,MSFT240112C00435000,435,0.13,0.16,0.237312314,373.04,32
1084,MSFT240112C00440000,440,0.1,0.13,0.245124736,373.04,32
1085,MSFT240112C00450000,450,0.05,0.09,0.26074958,373.04,32
1086,MSFT240112C00455000,455,0.04,0.07,0.266608896,373.04,32
1087,MSFT240112C00460000,460,0.03,0.06,0.274421318,373.04,32
1088,MSFT240119C00110000,110,263.35,265.6,1.953613513,373.04,39
1089,MSFT240119C00115000,115,136.4,139.45,1.00E-05,373.04,39
1090,MSFT240119C00120000,120,219.1,222,1.00E-05,373.04,39
1091,MSFT240119C00125000,125,248.35,250.75,1.776368306,373.04,39
1092,MSFT240119C00130000,130,243.55,246.2,1.778321421,373.04,39
1093,MSFT240119C00135000,135,238.6,241.1,1.715333455,373.04,39
1094,MSFT240119C00140000,140,233.45,236.25,1.658693113,373.04,39
1095,MSFT240119C00145000,145,228.6,231.3,1.620607366,373.04,39
1096,MSFT240119C00150000,150,223.6,226.3,1.567629115,373.04,39
1097,MSFT240119C00155000,155,219.6,221.35,1.589845801,373.04,39
1098,MSFT240119C00160000,160,214,215.9,1.466799541,373.04,39
1099,MSFT240119C00165000,165,208.8,211.45,1.443118019,373.04,39
1100,MSFT240119C00170000,170,204.6,206.45,1.445803552,373.04,39
1101,MSFT240119C00175000,175,199.5,201.35,1.386965956,373.04,39
1102,MSFT240119C00180000,180,194.65,196.4,1.352908509,373.04,39
1103,MSFT240119C00185000,185,188.45,191,1.211429724,373.04,39
1104,MSFT240119C00190000,190,184.7,186.5,1.272830784,373.04,39
1105,MSFT240119C00195000,195,179.1,181.65,1.206791075,373.04,39
1106,MSFT240119C00200000,200,174.4,176.6,1.178837114,373.04,39
1107,MSFT240119C00205000,205,168.6,171.3,1.080815143,373.04,39
1108,MSFT240119C00210000,210,164.3,166.55,1.092045555,373.04,39
1109,MSFT240119C00215000,215,159.85,161.8,1.09009244,373.04,39
1110,MSFT240119C00220000,220,153.65,156.55,0.985351709,373.04,39
1111,MSFT240119C00225000,225,149.2,151.85,0.988647574,373.04,39
1112,MSFT240119C00230000,230,144.5,146.9,0.967041345,373.04,39
1113,MSFT240119C00235000,235,139.8,141.95,0.944824771,373.04,39
1114,MSFT240119C00240000,240,134.85,136.65,0.899781276,373.04,39
1115,MSFT240119C00245000,245,130.15,131.6,0.874268835,373.04,39
1116,MSFT240119C00250000,250,123.85,126.65,0.79297082,373.04,39
1117,MSFT240119C00255000,255,120,121.85,0.809450148,373.04,39
1118,MSFT240119C00260000,260,115.1,117.1,0.787355642,373.04,39
1119,MSFT240119C00265000,265,109.05,112.2,0.723391438,373.04,39
1120,MSFT240119C00270000,270,104.8,107.25,0.716677638,373.04,39
1121,MSFT240119C00275000,275,99.65,101.75,0.664798274,373.04,39
1122,MSFT240119C00280000,280,94.8,97.35,0.655398954,373.04,39
1123,MSFT240119C00285000,285,89.25,92.05,0.599857517,373.04,39
1124,MSFT240119C00290000,290,85.4,87.1,0.601688553,373.04,39
1125,MSFT240119C00295000,295,80.55,82.1,0.574223008,373.04,39
1126,MSFT240119C00300000,300,75.1,77.65,0.545414702,373.04,39
1127,MSFT240119C00305000,305,70.05,72.65,0.513310531,373.04,39
1128,MSFT240119C00310000,310,65.25,67.75,0.539555386,373.04,39
1129,MSFT240119C00315000,315,60.35,62.75,0.5067188,373.04,39
1130,MSFT240119C00320000,320,56.05,58,0.482854293,373.04,39
1131,MSFT240119C00325000,325,50.7,53.2,0.456487369,373.04,39
1132,MSFT240119C00330000,330,46,48.35,0.427862167,373.04,39
1133,MSFT240119C00335000,335,41.4,43.55,0.400213517,373.04,39
1134,MSFT240119C00340000,340,36.7,38.5,0.364630377,373.04,39
1135,MSFT240119C00345000,345,32.75,33.25,0.32330999,373.04,39
1136,MSFT240119C00350000,350,28.45,28.8,0.302863417,373.04,39
1137,MSFT240119C00355000,355,23.9,24.55,0.284644605,373.04,39
1138,MSFT240119C00360000,360,20,20.45,0.266425793,373.04,39
1139,MSFT240119C00365000,365,16.5,16.65,0.250587328,373.04,39
1140,MSFT240119C00370000,370,13,13.25,0.237800591,373.04,39
1141,MSFT240119C00375000,375,10.1,10.3,0.227821443,373.04,39
1142,MSFT240119C00380000,380,7.6,7.75,0.218757812,373.04,39
1143,MSFT240119C00385000,385,5.5,5.7,0.212318668,373.04,39
1144,MSFT240119C00390000,390,4,4.1,0.207771594,373.04,39
1145,MSFT240119C00395000,395,2.72,2.9,0.204964005,373.04,39
1146,MSFT240119C00400000,400,1.85,2.04,0.204048487,373.04,39
1147,MSFT240119C00405000,405,1.38,1.42,0.203926418,373.04,39
1148,MSFT240119C00410000,410,0.97,1,0.205452281,373.04,39
1149,MSFT240119C00415000,415,0.67,0.72,0.208626078,373.04,39
1150,MSFT240119C00420000,420,0.5,0.52,0.211921943,373.04,39
1151,MSFT240119C00425000,425,0.36,0.39,0.216804707,373.04,39
1152,MSFT240119C00430000,430,0.05,0.3,0.222175747,373.04,39
1153,MSFT240119C00435000,435,0.21,0.23,0.227302649,373.04,39
1154,MSFT240119C00440000,440,0.18,0.19,0.234870933,373.04,39
1155,MSFT240119C00445000,445,0.02,0.16,0.242195078,373.04,39
1156,MSFT240119C00450000,450,0.12,0.13,0.248054395,373.04,39
1157,MSFT240119C00455000,455,0,0.3,0.293219958,373.04,39
1158,MSFT240119C00460000,460,0.07,0.09,0.26074958,373.04,39
1159,MSFT240119C00465000,465,0,0.07,0.264655791,373.04,39
1160,MSFT240119C00470000,470,0,0.06,0.27149166,373.04,39
1161,MSFT240119C00475000,475,0,0.05,0.276374424,373.04,39
1162,MSFT240119C00480000,480,0.02,0.05,0.287116504,373.04,39
1163,MSFT240119C00485000,485,0.01,0.04,0.291022715,373.04,39
1164,MSFT240119C00490000,490,0.01,0.04,0.300788242,373.04,39
1165,MSFT240119C00495000,495,0,0.54,0.430425618,373.04,39
1166,MSFT240119C00500000,500,0.01,0.02,0.300788242,373.04,39
1167,MSFT240119C00505000,505,0,0.02,0.308600664,373.04,39
1168,MSFT240119C00510000,510,0,0.2,0.406255938,373.04,39
1169,MSFT240119C00515000,515,0,0.53,0.478032563,373.04,39
1170,MSFT240119C00520000,520,0.01,0.02,0.335944141,373.04,39
1171,MSFT240119C00525000,525,0,0.22,0.443853218,373.04,39
1172,MSFT240119C00530000,530,0,0.08,0.404302832,373.04,39
1173,MSFT240119C00535000,535,0,0.22,0.464360825,373.04,39
1174,MSFT240119C00540000,540,0,0.08,0.422857334,373.04,39
1175,MSFT240126C00320000,320,56.1,59.25,0.484136018,373.04,46
1176,MSFT240126C00330000,330,46.8,50.1,0.44348701,373.04,46
1177,MSFT240126C00345000,345,33.05,37,0.388006608,373.04,46
1178,MSFT240126C00365000,365,17.35,20.7,0.309943424,373.04,46
1179,MSFT240126C00370000,370,14.1,17.45,0.298743585,373.04,46
1180,MSFT240126C00375000,375,11.65,15.3,0.303809452,373.04,46
1181,MSFT240126C00380000,380,10.35,12.75,0.296759962,373.04,46
1182,MSFT240126C00385000,385,7.8,9.1,0.263465617,373.04,46
1183,MSFT240126C00390000,390,5.3,7,0.253883194,373.04,46
1184,MSFT240126C00395000,395,4.4,6.55,0.273902525,373.04,46
1185,MSFT240126C00400000,400,2.29,5.3,0.27317011,373.04,46
1186,MSFT240126C00405000,405,1.78,4.3,0.273810973,373.04,46
1187,MSFT240126C00410000,410,0.31,3.6,0.278266495,373.04,46
1188,MSFT240126C00415000,415,0.69,2.58,0.268928209,373.04,46
1189,MSFT240126C00420000,420,1,1.5,0.248176464,373.04,46
1190,MSFT240126C00425000,425,0.14,1.71,0.275092698,373.04,46
1191,MSFT240126C00435000,435,0.05,2.68,0.349188637,373.04,46
1192,MSFT240126C00440000,440,0.15,0.6,0.261481995,373.04,46
1193,MSFT240216C00160000,160,215,217.5,1.25000375,373.04,67
1194,MSFT240216C00165000,165,148.9,152.75,1.00E-05,373.04,67
1195,MSFT240216C00170000,170,159.05,162.5,1.00E-05,373.04,67
1196,MSFT240216C00180000,180,148.45,152,1.00E-05,373.04,67
1197,MSFT240216C00185000,185,151.3,155.15,1.00E-05,373.04,67
1198,MSFT240216C00190000,190,184.25,187.4,0.993774476,373.04,67
1199,MSFT240216C00195000,195,179.35,182.45,0.966308931,373.04,67
1200,MSFT240216C00200000,200,174.45,177.05,0.922852334,373.04,67
1201,MSFT240216C00205000,205,169.9,172.6,0.925904061,373.04,67
1202,MSFT240216C00210000,210,164.55,167.6,0.882935741,373.04,67
1203,MSFT240216C00215000,215,159.6,162.65,0.855592264,373.04,67
1204,MSFT240216C00220000,220,154.65,157.6,0.825563268,373.04,67
1205,MSFT240216C00225000,225,149.75,152.4,0.793092889,373.04,67
1206,MSFT240216C00230000,230,144.8,147.65,0.773073558,373.04,67
1207,MSFT240216C00235000,235,139.85,142.7,0.747439049,373.04,67
1208,MSFT240216C00240000,240,134.9,137.55,0.716799707,373.04,67
1209,MSFT240216C00245000,245,129.95,132.5,0.689395196,373.04,67
1210,MSFT240216C00250000,250,126.2,128.1,0.706973145,373.04,67
1211,MSFT240216C00255000,255,121.15,122.75,0.670230349,373.04,67
1212,MSFT240216C00260000,260,116,118.35,0.652835503,373.04,67
1213,MSFT240216C00265000,265,111.5,113.15,0.632083757,373.04,67
1214,MSFT240216C00270000,270,106,108.55,0.603275452,373.04,67
1215,MSFT240216C00275000,275,101.15,103.65,0.581669222,373.04,67
1216,MSFT240216C00280000,280,96.9,98.7,0.570011624,373.04,67
1217,MSFT240216C00285000,285,91.8,93.45,0.537480211,373.04,67
1218,MSFT240216C00290000,290,86.7,89.3,0.52417468,373.04,67
1219,MSFT240216C00295000,295,81.7,84.35,0.539311248,373.04,67
1220,MSFT240216C00300000,300,77.55,79.55,0.517766053,373.04,67
1221,MSFT240216C00305000,305,71.45,74.3,0.483769811,373.04,67
1222,MSFT240216C00310000,310,67.85,69.9,0.472722558,373.04,67
1223,MSFT240216C00315000,315,62.9,65.6,0.462834962,373.04,67
1224,MSFT240216C00320000,320,58,60.65,0.436315451,373.04,67
1225,MSFT240216C00325000,325,53.25,56.45,0.426549924,373.04,67
1226,MSFT240216C00330000,330,48.75,50.6,0.379736427,373.04,67
1227,MSFT240216C00335000,335,44.75,46.2,0.364508308,373.04,67
1228,MSFT240216C00340000,340,40.15,41.95,0.350958639,373.04,67
1229,MSFT240216C00345000,345,37,37.8,0.337653108,373.04,67
1230,MSFT240216C00350000,350,33.3,34.3,0.334113104,373.04,67
1231,MSFT240216C00355000,355,29.35,30.05,0.315039809,373.04,67
1232,MSFT240216C00360000,360,26.1,26.45,0.304877557,373.04,67
1233,MSFT240216C00365000,365,22.8,23.05,0.29532565,373.04,67
1234,MSFT240216C00370000,370,19.7,19.95,0.28760478,373.04,67
1235,MSFT240216C00375000,375,16.75,17,0.279029427,373.04,67
1236,MSFT240216C00380000,380,14.25,14.4,0.272529247,373.04,67
1237,MSFT240216C00385000,385,11.95,12.1,0.267219242,373.04,67
1238,MSFT240216C00390000,390,9.9,10.05,0.262214409,373.04,67
1239,MSFT240216C00395000,395,8.15,8.3,0.258491302,373.04,67
1240,MSFT240216C00400000,400,6.65,6.8,0.25537854,373.04,67
1241,MSFT240216C00405000,405,5.4,5.45,0.251258708,373.04,67
1242,MSFT240216C00410000,410,4.3,4.45,0.250434742,373.04,67
1243,MSFT240216C00415000,415,3.45,3.55,0.248359567,373.04,67
1244,MSFT240216C00420000,420,2.76,3.15,0.255683713,373.04,67
1245,MSFT240216C00425000,425,2.21,2.27,0.247016807,373.04,67
1246,MSFT240216C00430000,430,1.72,1.82,0.24732198,373.04,67
1247,MSFT240216C00435000,435,1.41,1.46,0.24799336,373.04,67
1248,MSFT240216C00440000,440,0.64,1.18,0.249275085,373.04,67
1249,MSFT240216C00445000,445,0.91,0.95,0.250495776,373.04,67
1250,MSFT240216C00450000,450,0.74,0.78,0.252815089,373.04,67
1251,MSFT240216C00455000,455,0.6,0.64,0.255012333,373.04,67
1252,MSFT240216C00460000,460,0.49,0.53,0.257575784,373.04,67
1253,MSFT240216C00465000,465,0.4,0.44,0.260261304,373.04,67
1254,MSFT240216C00470000,470,0.33,0.37,0.2634351,373.04,67
1255,MSFT240216C00475000,475,0.27,0.31,0.26612062,373.04,67
1256,MSFT240216C00480000,480,0.23,0.26,0.269050278,373.04,67
1257,MSFT240216C00485000,485,0.19,0.22,0.271979937,373.04,67
1258,MSFT240216C00490000,490,0.15,0.18,0.273688904,373.04,67
1259,MSFT240216C00495000,495,0.13,0.16,0.278327529,373.04,67
1260,MSFT240216C00500000,500,0.1,0.13,0.279304082,373.04,67
1261,MSFT240216C00505000,505,0.08,0.11,0.28223374,373.04,67
1262,MSFT240216C00510000,510,0.07,0.1,0.287116504,373.04,67
1263,MSFT240216C00515000,515,0.06,0.08,0.28760478,373.04,67
1264,MSFT240216C00520000,520,0.04,0.07,0.291022715,373.04,67
1265,MSFT240216C00525000,525,0.03,0.06,0.293952373,373.04,67
1266,MSFT240216C00530000,530,0.02,0.05,0.294928926,373.04,67
1267,MSFT240216C00535000,535,0.02,0.05,0.302741348,373.04,67
1268,MSFT240216C00540000,540,0.01,0.04,0.302741348,373.04,67
1269,MSFT240315C00140000,140,187.6,191,1.00E-05,373.04,95
1270,MSFT240315C00145000,145,182.75,186,1.00E-05,373.04,95
1271,MSFT240315C00150000,150,224.45,226.55,1.062748827,373.04,95
1272,MSFT240315C00160000,160,214.5,217.2,1.022465825,373.04,95
1273,MSFT240315C00170000,170,171.3,174.7,1.00E-05,373.04,95
1274,MSFT240315C00175000,175,199.3,202.5,0.929688203,373.04,95
1275,MSFT240315C00180000,180,194.4,197.6,0.906006799,373.04,95
1276,MSFT240315C00185000,185,189.5,192.6,0.879639875,373.04,95
1277,MSFT240315C00190000,190,124.7,128.55,1.00E-05,373.04,95
1278,MSFT240315C00195000,195,128.6,131.3,1.00E-05,373.04,95
1279,MSFT240315C00200000,200,175,177.9,0.817628777,373.04,95
1280,MSFT240315C00210000,210,164.95,168.1,0.767092173,373.04,95
1281,MSFT240315C00215000,215,127.9,131.25,1.00E-05,373.04,95
1282,MSFT240315C00220000,220,155.15,157.65,0.708743147,373.04,95
1283,MSFT240315C00225000,225,150.9,153,0.709231423,373.04,95
1284,MSFT240315C00230000,230,144.4,146.15,0.600589932,373.04,95
1285,MSFT240315C00235000,235,141.45,143.1,0.672732765,373.04,95
1286,MSFT240315C00240000,240,136.3,138.65,0.655826196,373.04,95
1287,MSFT240315C00245000,245,130.6,133.65,0.617740639,373.04,95
1288,MSFT240315C00250000,250,126.45,128.5,0.607181663,373.04,95
1289,MSFT240315C00255000,255,122.1,123.55,0.595829237,373.04,95
1290,MSFT240315C00260000,260,116.9,118.95,0.575443699,373.04,95
1291,MSFT240315C00265000,265,111.8,113.85,0.548710568,373.04,95
1292,MSFT240315C00270000,270,107.65,109.3,0.545841944,373.04,95
1293,MSFT240315C00275000,275,102.25,104.6,0.521000884,373.04,95
1294,MSFT240315C00280000,280,97.6,99.65,0.50369759,373.04,95
1295,MSFT240315C00285000,285,92.95,94.9,0.514409153,373.04,95
1296,MSFT240315C00290000,290,87.45,90,0.493169131,373.04,95
1297,MSFT240315C00295000,295,83.65,85.6,0.483739294,373.04,95
1298,MSFT240315C00300000,300,78.55,80.7,0.462224616,373.04,95
1299,MSFT240315C00305000,305,74,76.1,0.447179601,373.04,95
1300,MSFT240315C00310000,310,69.25,71.55,0.432653379,373.04,95
1301,MSFT240315C00315000,315,65,67.1,0.419500434,373.04,95
1302,MSFT240315C00320000,320,60.45,62.25,0.398077308,373.04,95
1303,MSFT240315C00325000,325,55.75,58,0.387304711,373.04,95
1304,MSFT240315C00330000,330,51.95,53.65,0.373755042,373.04,95
1305,MSFT240315C00335000,335,47.7,48.55,0.346838807,373.04,95
1306,MSFT240315C00340000,340,43.7,44.4,0.335120174,373.04,95
1307,MSFT240315C00345000,345,40,40.4,0.324439129,373.04,95
1308,MSFT240315C00350000,350,35.6,36.6,0.315222912,373.04,95
1309,MSFT240315C00355000,355,32.3,33.15,0.309302561,373.04,95
1310,MSFT240315C00360000,360,28.45,29.4,0.297294014,373.04,95
1311,MSFT240315C00365000,365,24.3,26.1,0.289557886,373.04,95
1312,MSFT240315C00370000,370,22.75,23,0.282325292,373.04,95
1313,MSFT240315C00375000,375,19.9,20.05,0.274787526,373.04,95
1314,MSFT240315C00380000,380,17.25,17.4,0.26880614,373.04,95
1315,MSFT240315C00385000,385,14.8,15,0.263557169,373.04,95
1316,MSFT240315C00390000,390,12.65,12.85,0.25907113,373.04,95
1317,MSFT240315C00395000,395,10.75,10.95,0.255348023,373.04,95
1318,MSFT240315C00400000,400,9,9.2,0.25101457,373.04,95
1319,MSFT240315C00405000,405,7.55,7.7,0.24765767,373.04,95
1320,MSFT240315C00410000,410,6.25,6.55,0.247169394,373.04,95
1321,MSFT240315C00415000,415,5.15,5.35,0.243232665,373.04,95
1322,MSFT240315C00420000,420,4.25,4.4,0.241035422,373.04,95
1323,MSFT240315C00425000,425,3.5,3.65,0.240241973,373.04,95
1324,MSFT240315C00430000,430,2.88,2.95,0.238044729,373.04,95
1325,MSFT240315C00435000,435,2.36,2.46,0.238533005,373.04,95
1326,MSFT240315C00440000,440,1.93,2.03,0.23859404,373.04,95
1327,MSFT240315C00445000,445,1.58,1.66,0.238410936,373.04,95
1328,MSFT240315C00450000,450,1.1,1.36,0.238533005,373.04,95
1329,MSFT240315C00455000,455,1.07,1.13,0.239570593,373.04,95
1330,MSFT240315C00460000,460,0.88,0.94,0.240730249,373.04,95
1331,MSFT240315C00465000,465,0.74,0.79,0.242317147,373.04,95
1332,MSFT240315C00470000,470,0.62,0.67,0.244392322,373.04,95
1333,MSFT240315C00475000,475,0.52,0.57,0.246467496,373.04,95
1334,MSFT240315C00480000,480,0.44,1.69,0.313056186,373.04,95
1335,MSFT240315C00485000,485,0.37,0.62,0.267341311,373.04,95
1336,MSFT240315C00490000,490,0.31,0.37,0.254401987,373.04,95
1337,MSFT240315C00495000,495,0.28,0.32,0.256843369,373.04,95
1338,MSFT240315C00500000,500,0.23,2.37,0.377447632,373.04,95
1339,MSFT240315C00505000,505,0.2,1.24,0.338873799,373.04,95
1340,MSFT240315C00510000,510,0.17,0.41,0.289313748,373.04,95
1341,MSFT240315C00515000,515,0.14,0.19,0.267585449,373.04,95
1342,MSFT240315C00520000,520,0.13,0.16,0.268562002,373.04,95
1343,MSFT240315C00525000,525,0.11,0.14,0.271003384,373.04,95
1344,MSFT240315C00530000,530,0.1,0.13,0.275153733,373.04,95
1345,MSFT240315C00535000,535,0.08,0.11,0.276374424,373.04,95
1346,MSFT240315C00540000,540,0.08,0.1,0.279304082,373.04,95
1347,MSFT240419C00160000,160,215,218.2,0.921143367,373.04,130
1348,MSFT240419C00170000,170,201,203.55,0.60889063,373.04,130
1349,MSFT240419C00185000,185,146.05,149.45,1.00E-05,373.04,130
1350,MSFT240419C00195000,195,137,138.75,1.00E-05,373.04,130
1351,MSFT240419C00200000,200,176.55,178.55,0.748293533,373.04,130
1352,MSFT240419C00205000,205,171.1,174.15,0.726443165,373.04,130
1353,MSFT240419C00210000,210,166.35,168.7,0.698184171,373.04,130
1354,MSFT240419C00220000,220,103.4,106.75,1.00E-05,373.04,130
1355,MSFT240419C00225000,225,148.65,151.9,0.533635035,373.04,130
1356,MSFT240419C00230000,230,89.9,93.7,1.00E-05,373.04,130
1357,MSFT240419C00235000,235,141.95,145,0.615665464,373.04,130
1358,MSFT240419C00240000,240,137.15,140.2,0.59949131,373.04,130
1359,MSFT240419C00245000,245,132.2,135.45,0.581791292,373.04,130
1360,MSFT240419C00250000,250,127.4,130.6,0.564945757,373.04,130
1361,MSFT240419C00255000,255,122.65,125.65,0.547428842,373.04,130
1362,MSFT240419C00260000,260,117.8,121,0.532597448,373.04,130
1363,MSFT240419C00265000,265,113.15,115.9,0.514531222,373.04,130
1364,MSFT240419C00270000,270,108.2,111.55,0.501897071,373.04,130
1365,MSFT240419C00275000,275,103.45,106.85,0.524540887,373.04,130
1366,MSFT240419C00280000,280,98.85,102.05,0.506749317,373.04,130
1367,MSFT240419C00285000,285,94.05,97.55,0.494878098,373.04,130
1368,MSFT240419C00290000,290,89.95,92.5,0.472112213,373.04,130
1369,MSFT240419C00295000,295,85.35,87.95,0.458837199,373.04,130
1370,MSFT240419C00300000,300,81.3,83.7,0.450444949,373.04,130
1371,MSFT240419C00305000,305,76.6,79.2,0.437078383,373.04,130
1372,MSFT240419C00310000,310,71.15,74.65,0.422460609,373.04,130
1373,MSFT240419C00315000,315,67.9,69.35,0.395666444,373.04,130
1374,MSFT240419C00320000,320,63.25,65.5,0.391332991,373.04,130
1375,MSFT240419C00325000,325,59.05,61.15,0.378515736,373.04,130
1376,MSFT240419C00330000,330,54.6,56.5,0.360876753,373.04,130
1377,MSFT240419C00335000,335,51.4,51.9,0.343542942,373.04,130
1378,MSFT240419C00340000,340,46.95,47.9,0.333655345,373.04,130
1379,MSFT240419C00345000,345,43.55,44.05,0.324683267,373.04,130
1380,MSFT240419C00350000,350,39,40.35,0.316413086,373.04,130
1381,MSFT240419C00355000,355,35.4,36.75,0.30808187,373.04,130
1382,MSFT240419C00360000,360,32.65,33.45,0.301947899,373.04,130
1383,MSFT240419C00365000,365,29.65,30.05,0.293189441,373.04,130
1384,MSFT240419C00370000,370,26.65,26.95,0.286353572,373.04,130
1385,MSFT240419C00375000,375,23.8,23.95,0.278998909,373.04,130
1386,MSFT240419C00380000,380,21.1,21.25,0.273322697,373.04,130
1387,MSFT240419C00385000,385,18.6,18.75,0.268088984,373.04,130
1388,MSFT240419C00390000,390,16.3,16.5,0.263831825,373.04,130
1389,MSFT240419C00395000,395,14.2,14.4,0.259422079,373.04,130
1390,MSFT240419C00400000,400,12.3,12.5,0.255409057,373.04,130
1391,MSFT240419C00405000,405,10.6,10.8,0.251884312,373.04,130
1392,MSFT240419C00410000,410,9.1,9.3,0.248908878,373.04,130
1393,MSFT240419C00415000,415,7.75,7.95,0.245948703,373.04,130
1394,MSFT240419C00420000,420,6.6,6.8,0.243812494,373.04,130
1395,MSFT240419C00425000,425,5.55,5.85,0.242835941,373.04,130
1396,MSFT240419C00430000,430,4.7,4.9,0.239997834,373.04,130
1397,MSFT240419C00435000,435,3.95,4.1,0.237739556,373.04,130
1398,MSFT240419C00440000,440,3.35,3.45,0.236457831,373.04,130
1399,MSFT240419C00445000,445,1.25,2.89,0.235206623,373.04,130
1400,MSFT240419C00450000,450,1.76,2.44,0.234809898,373.04,130
1401,MSFT240419C00455000,455,0.38,2.86,0.255012333,373.04,130
1402,MSFT240419C00460000,460,1.67,1.74,0.234626794,373.04,130
1403,MSFT240419C00465000,465,1.41,1.48,0.235115071,373.04,130
1404,MSFT240419C00470000,470,0.22,1.26,0.235725416,373.04,130
1405,MSFT240419C00480000,480,0.87,0.93,0.23792266,373.04,130
1406,MSFT240419C00490000,490,0.64,0.7,0.240974387,373.04,130
1407,MSFT240419C00500000,500,0.47,0.54,0.244758529,373.04,130
1408,MSFT240419C00520000,520,0.27,0.35,0.254646125,373.04,130
1409,MSFT240419C00540000,540,0.16,0.21,0.26074958,373.04,130
1410,MSFT240517C00160000,160,214.7,216.6,0.78222874,373.04,158
1411,MSFT240517C00175000,175,180.45,183.85,1.00E-05,373.04,158
1412,MSFT240517C00190000,190,186.5,189.65,0.746218358,373.04,158
1413,MSFT240517C00200000,200,176.85,179.95,0.709780734,373.04,158
1414,MSFT240517C00225000,225,153.3,155.6,0.628757375,373.04,158
1415,MSFT240517C00230000,230,148.4,150.5,0.606998559,373.04,158
1416,MSFT240517C00235000,235,142.95,146.3,0.590336128,373.04,158
1417,MSFT240517C00240000,240,138.25,141.4,0.574406111,373.04,158
1418,MSFT240517C00245000,245,133.55,136.6,0.55975782,373.04,158
1419,MSFT240517C00250000,250,128.7,131.95,0.545048495,373.04,158
1420,MSFT240517C00255000,255,123.95,127.25,0.53088848,373.04,158
1421,MSFT240517C00260000,260,119.15,122.45,0.514958464,373.04,158
1422,MSFT240517C00265000,265,115,117.3,0.502202244,373.04,158
1423,MSFT240517C00270000,270,109.8,113.2,0.522252092,373.04,158
1424,MSFT240517C00275000,275,105.9,108.55,0.507847939,373.04,158
1425,MSFT240517C00280000,280,101.35,103.45,0.485356709,373.04,158
1426,MSFT240517C00285000,285,96.4,98.95,0.473546524,373.04,158
1427,MSFT240517C00290000,290,91.8,94.35,0.4597222,373.04,158
1428,MSFT240517C00295000,295,87.7,89.95,0.448888568,373.04,158
1429,MSFT240517C00300000,300,83.6,85.8,0.441411836,373.04,158
1430,MSFT240517C00305000,305,79.3,80.95,0.422948886,373.04,158
1431,MSFT240517C00310000,310,74.55,76.6,0.41159646,373.04,158
1432,MSFT240517C00315000,315,70.1,71.9,0.394995064,373.04,158
1433,MSFT240517C00320000,320,65.9,67.55,0.382879706,373.04,158
1434,MSFT240517C00325000,325,62.3,63.15,0.369650469,373.04,158
1435,MSFT240517C00330000,330,57.95,59.05,0.359701838,373.04,158
1436,MSFT240517C00335000,335,54.4,55.8,0.359259337,373.04,158
1437,MSFT240517C00340000,340,50,51.55,0.345862254,373.04,158
1438,MSFT240517C00345000,345,46.65,47.55,0.334692932,373.04,158
1439,MSFT240517C00350000,350,42.7,43.95,0.327155166,373.04,158
1440,MSFT240517C00355000,355,39.85,40.45,0.319678434,373.04,158
1441,MSFT240517C00360000,360,36.05,37.15,0.313254548,373.04,158
1442,MSFT240517C00365000,365,32.65,34.95,0.317114983,373.04,158
1443,MSFT240517C00370000,370,29.95,30.9,0.300498328,373.04,158
1444,MSFT240517C00375000,375,27.6,28,0.29454746,373.04,158
1445,MSFT240517C00380000,380,24,25.3,0.289313748,373.04,158
1446,MSFT240517C00385000,385,22.45,22.75,0.284232622,373.04,158
1447,MSFT240517C00390000,390,20.1,20.35,0.279273565,373.04,158
1448,MSFT240517C00395000,395,17.95,18.15,0.274909595,373.04,158
1449,MSFT240517C00400000,400,15.95,16.15,0.271186487,373.04,158
1450,MSFT240517C00405000,405,14.1,14.3,0.267554932,373.04,158
1451,MSFT240517C00410000,410,12.4,12.7,0.265205102,373.04,158
1452,MSFT240517C00415000,415,10.9,11.1,0.261359926,373.04,158
1453,MSFT240517C00420000,420,9.5,9.85,0.260139235,373.04,158
1454,MSFT240517C00425000,425,8.3,8.5,0.256217765,373.04,158
1455,MSFT240517C00430000,430,7.25,7.4,0.253959487,373.04,158
1456,MSFT240517C00435000,435,6.3,6.45,0.252296295,373.04,158
1457,MSFT240517C00440000,440,5.45,5.6,0.250709397,373.04,158
1458,MSFT240517C00445000,445,4.65,4.85,0.249275085,373.04,158
1459,MSFT240517C00450000,450,4.1,4.2,0.248145946,373.04,158
1460,MSFT240517C00455000,455,3.5,3.65,0.247535601,373.04,158
1461,MSFT240517C00460000,460,1,3.15,0.2466506,373.04,158
1462,MSFT240517C00465000,465,2.6,2.72,0.246040255,373.04,158
1463,MSFT240517C00470000,470,2.25,2.36,0.245857151,373.04,158
1464,MSFT240517C00480000,480,1.67,1.78,0.24597922,373.04,158
1465,MSFT240517C00490000,490,1.27,1.35,0.246711635,373.04,158
1466,MSFT240517C00500000,500,0.96,1.02,0.247383015,373.04,158
1467,MSFT240517C00520000,520,0.57,0.68,0.25537854,373.04,158
1468,MSFT240517C00540000,540,0.35,0.62,0.274787526,373.04,158
1469,MSFT240517C00560000,560,0.21,0.28,0.265876482,373.04,158
1470,MSFT240621C00110000,110,264.45,268.35,1.043583884,373.04,193
1471,MSFT240621C00115000,115,254.7,258.95,0.794435649,373.04,193
1472,MSFT240621C00120000,120,255.05,258.7,1.002446394,373.04,193
1473,MSFT240621C00125000,125,249.85,253.75,0.964844102,373.04,193
1474,MSFT240621C00130000,130,245,248.85,0.939819938,373.04,193
1475,MSFT240621C00135000,135,183.85,188.1,1.00E-05,373.04,193
1476,MSFT240621C00140000,140,0,0,1.00E-05,373.04,193
1477,MSFT240621C00145000,145,230.45,234.35,0.874024697,373.04,193
1478,MSFT240621C00150000,150,225.65,229.5,0.853883297,373.04,193
1479,MSFT240621C00155000,155,0,0,1.00E-05,373.04,193
1480,MSFT240621C00160000,160,215.95,219.85,0.813722566,373.04,193
1481,MSFT240621C00165000,165,211.05,215,0.792726682,373.04,193
1482,MSFT240621C00170000,170,206.3,210.15,0.775087698,373.04,193
1483,MSFT240621C00175000,175,201.4,205.35,0.755861816,373.04,193
1484,MSFT240621C00180000,180,196.65,200.5,0.738711109,373.04,193
1485,MSFT240621C00185000,185,191.75,195.7,0.720095573,373.04,193
1486,MSFT240621C00190000,190,187,190.9,0.704165556,373.04,193
1487,MSFT240621C00195000,195,182.6,185.85,0.689883472,373.04,193
1488,MSFT240621C00200000,200,177.9,179.7,0.654849643,373.04,193
1489,MSFT240621C00205000,205,172.5,176.5,0.653567917,373.04,193
1490,MSFT240621C00210000,210,165.95,168.6,0.565434033,373.04,193
1491,MSFT240621C00215000,215,163.55,166.35,0.62298961,373.04,193
1492,MSFT240621C00220000,220,158.15,162,0.605289592,373.04,193
1493,MSFT240621C00225000,225,153.35,157.35,0.591495784,373.04,193
1494,MSFT240621C00230000,230,148.6,152.65,0.57767146,373.04,193
1495,MSFT240621C00235000,235,144.3,147.45,0.563267307,373.04,193
1496,MSFT240621C00240000,240,139.15,143.15,0.549442982,373.04,193
1497,MSFT240621C00245000,245,134.45,138.35,0.535038829,373.04,193
1498,MSFT240621C00250000,250,130.35,133.05,0.521672264,373.04,193
1499,MSFT240621C00255000,255,125,129,0.508244664,373.04,193
1500,MSFT240621C00260000,260,120.5,123.65,0.519200365,373.04,193
1501,MSFT240621C00265000,265,116.35,119.15,0.508244664,373.04,193
1502,MSFT240621C00270000,270,111.7,114.05,0.487096194,373.04,193
1503,MSFT240621C00275000,275,107.85,109.7,0.478368253,373.04,193
1504,MSFT240621C00280000,280,102.55,104.85,0.461492202,373.04,193
1505,MSFT240621C00285000,285,97.75,100.8,0.456670472,373.04,193
1506,MSFT240621C00290000,290,93.8,96,0.440343731,373.04,193
1507,MSFT240621C00295000,295,89.85,91.6,0.429632169,373.04,193
1508,MSFT240621C00300000,300,85.9,87.35,0.420599056,373.04,193
1509,MSFT240621C00305000,305,81.05,82.8,0.407201973,373.04,193
1510,MSFT240621C00310000,310,77.1,78.4,0.39548334,373.04,193
1511,MSFT240621C00315000,315,72.35,74.45,0.388891609,373.04,193
1512,MSFT240621C00320000,320,68.95,69.85,0.37399918,373.04,193
1513,MSFT240621C00325000,325,64.2,66.2,0.369711503,373.04,193
1514,MSFT240621C00330000,330,60.95,62.2,0.360708908,373.04,193
1515,MSFT240621C00335000,335,56.5,57.7,0.345740185,373.04,193
1516,MSFT240621C00340000,340,52.65,54.75,0.346625186,373.04,193
1517,MSFT240621C00345000,345,48.3,51.15,0.339713024,373.04,193
1518,MSFT240621C00350000,350,46.1,47.75,0.333991035,373.04,193
1519,MSFT240621C00355000,355,42,44.95,0.333228103,373.04,193
1520,MSFT240621C00360000,360,38.8,41,0.32039559,373.04,193
1521,MSFT240621C00365000,365,35.95,36.95,0.305915144,373.04,193
1522,MSFT240621C00370000,370,33.5,33.95,0.300422035,373.04,193
1523,MSFT240621C00375000,375,30.75,31.05,0.294837374,373.04,193
1524,MSFT240621C00380000,380,28.05,28.35,0.290015645,373.04,193
1525,MSFT240621C00385000,385,25.45,25.75,0.285010812,373.04,193
1526,MSFT240621C00390000,390,23.05,23.35,0.280707877,373.04,193
1527,MSFT240621C00395000,395,20.8,21.1,0.276633821,373.04,193
1528,MSFT240621C00400000,400,18.6,19,0.272773386,373.04,193
1529,MSFT240621C00405000,405,16.8,17.05,0.26914183,373.04,193
1530,MSFT240621C00410000,410,15,15.25,0.265754413,373.04,193
1531,MSFT240621C00415000,415,13.4,13.75,0.264182773,373.04,193
1532,MSFT240621C00420000,420,11.9,12.15,0.260383373,373.04,193
1533,MSFT240621C00425000,425,10.55,10.8,0.257987767,373.04,193
1534,MSFT240621C00430000,430,9.3,9.6,0.256080437,373.04,193
1535,MSFT240621C00435000,435,8.2,8.45,0.253547504,373.04,193
1536,MSFT240621C00440000,440,7.25,7.45,0.251624915,373.04,193
1537,MSFT240621C00445000,445,6.35,6.55,0.249824396,373.04,193
1538,MSFT240621C00450000,450,5.6,5.75,0.248237498,373.04,193
1539,MSFT240621C00455000,455,4.9,5.05,0.24698629,373.04,193
1540,MSFT240621C00460000,460,4.3,4.4,0.245399392,373.04,193
1541,MSFT240621C00465000,465,3.75,3.9,0.245246805,373.04,193
1542,MSFT240621C00470000,470,3.25,3.4,0.244148184,373.04,193
1543,MSFT240621C00475000,475,2.84,2.97,0.243354734,373.04,193
1544,MSFT240621C00480000,480,2.46,2.6,0.242866458,373.04,193
1545,MSFT240621C00485000,485,0.68,2.28,0.242561285,373.04,193
1546,MSFT240621C00490000,490,1.89,1.99,0.242134044,373.04,193
1547,MSFT240621C00495000,495,1.63,1.76,0.242439216,373.04,193
1548,MSFT240621C00500000,500,1.44,1.55,0.24262232,373.04,193
1549,MSFT240621C00505000,505,1.25,1.37,0.242988527,373.04,193
1550,MSFT240621C00510000,510,1.11,1.21,0.243354734,373.04,193
1551,MSFT240621C00515000,515,0.98,1.07,0.243781976,373.04,193
1552,MSFT240621C00520000,520,0.87,0.95,0.244392322,373.04,193
1553,MSFT240621C00525000,525,0.77,0.85,0.245368875,373.04,193
1554,MSFT240621C00530000,530,0.68,0.77,0.246833704,373.04,193
1555,MSFT240621C00535000,535,0.6,0.74,0.250495776,373.04,193
1556,MSFT240621C00540000,540,0.54,1.9,0.302314106,373.04,193
1557,MSFT240621C00550000,550,0.44,0.71,0.264289584,373.04,193
1558,MSFT240621C00560000,560,0.15,0.43,0.254890264,373.04,193
1559,MSFT240621C00570000,570,0.28,0.36,0.257819922,373.04,193
1560,MSFT240719C00270000,270,113.55,115.95,0.484197053,373.04,221
1561,MSFT240719C00280000,280,104,107.25,0.465337378,373.04,221
1562,MSFT240719C00295000,295,91.1,93.8,0.429693203,373.04,221
1563,MSFT240719C00300000,300,87.35,89.9,0.424505267,373.04,221
1564,MSFT240719C00305000,305,83.1,84.8,0.404577487,373.04,221
1565,MSFT240719C00310000,310,78.15,80.95,0.39917593,373.04,221
1566,MSFT240719C00315000,315,74.2,76.4,0.385382123,373.04,221
1567,MSFT240719C00320000,320,70.8,72.4,0.377340821,373.04,221
1568,MSFT240719C00325000,325,66.95,67.6,0.360388476,373.04,221
1569,MSFT240719C00330000,330,62.25,64.5,0.360724166,373.04,221
1570,MSFT240719C00335000,335,58.55,60,0.346152168,373.04,221
1571,MSFT240719C00340000,340,54.7,57.05,0.346320013,373.04,221
1572,MSFT240719C00345000,345,51.95,52.6,0.331290257,373.04,221
1573,MSFT240719C00350000,350,47.85,49.1,0.324713784,373.04,221
1574,MSFT240719C00355000,355,45.05,45.75,0.318762916,373.04,221
1575,MSFT240719C00360000,360,41.3,42.5,0.3129036,373.04,221
1576,MSFT240719C00365000,365,38.2,39.35,0.307090059,373.04,221
1577,MSFT240719C00370000,370,34.8,36.35,0.301749536,373.04,221
1578,MSFT240719C00375000,375,32.2,33.55,0.29723298,373.04,221
1579,MSFT240719C00380000,380,29.6,30.8,0.292212888,373.04,221
1580,MSFT240719C00385000,385,27.9,28.2,0.287543746,373.04,221
1581,MSFT240719C00390000,390,24.25,25.75,0.283179776,373.04,221
1582,MSFT240719C00395000,395,23.2,23.45,0.279120978,373.04,221
1583,MSFT240719C00400000,400,21.05,21.3,0.275352095,373.04,221
1584,MSFT240719C00405000,405,19.05,19.3,0.271873126,373.04,221
1585,MSFT240719C00410000,410,17.2,17.45,0.268714588,373.04,221
1586,MSFT240719C00415000,415,14.8,15.7,0.265418723,373.04,221
1587,MSFT240719C00420000,420,13.9,14.1,0.262458547,373.04,221
1588,MSFT240719C00425000,425,12.45,12.65,0.259910355,373.04,221
1589,MSFT240719C00430000,430,11.1,11.35,0.257835181,373.04,221
1590,MSFT240719C00435000,435,9.9,10.15,0.255775265,373.04,221
1591,MSFT240719C00440000,440,8.85,9.05,0.253776383,373.04,221
1592,MSFT240719C00445000,445,7.85,8,0.251289225,373.04,221
1593,MSFT240719C00450000,450,6.95,7.1,0.249580258,373.04,221
1594,MSFT240719C00455000,455,6.15,6.3,0.248115429,373.04,221
1595,MSFT240719C00460000,460,5.45,5.6,0.247062583,373.04,221
1596,MSFT240719C00470000,470,4.15,4.35,0.24430077,373.04,221
1597,MSFT240719C00480000,480,3.25,3.4,0.242744389,373.04,221
1598,MSFT240719C00490000,490,2.56,2.71,0.242835941,373.04,221
1599,MSFT240719C00500000,500,1.96,2.08,0.241157491,373.04,221
1600,MSFT240719C00520000,520,1.23,1.34,0.243049562,373.04,221
1601,MSFT240719C00540000,540,0.78,0.86,0.245002667,373.04,221
1602,MSFT240719C00550000,550,0.63,0.71,0.247077842,373.04,221
1603,MSFT240719C00560000,560,0.51,0.59,0.249275085,373.04,221
1604,MSFT240719C00570000,570,0.41,0.5,0.252082675,373.04,221
1605,MSFT240920C00160000,160,165.5,170.5,1.00E-05,373.04,284
1606,MSFT240920C00165000,165,213.25,215.9,0.700869691,373.04,284
1607,MSFT240920C00170000,170,207.95,211.25,0.679507599,373.04,284
1608,MSFT240920C00175000,175,203.3,206.5,0.666141034,373.04,284
1609,MSFT240920C00180000,180,161,165.45,1.00E-05,373.04,284
1610,MSFT240920C00185000,185,189.55,191.55,0.528019857,373.04,284
1611,MSFT240920C00190000,190,184.85,187,0.525273302,373.04,284
1612,MSFT240920C00195000,195,184.4,187.65,0.61157615,373.04,284
1613,MSFT240920C00200000,200,179.6,182.95,0.59747717,373.04,284
1614,MSFT240920C00205000,205,174.8,178.2,0.5830425,373.04,284
1615,MSFT240920C00210000,210,170.2,173.1,0.567234552,373.04,284
1616,MSFT240920C00215000,215,126.8,130.4,1.00E-05,373.04,284
1617,MSFT240920C00220000,220,160.95,164.3,0.54901574,373.04,284
1618,MSFT240920C00225000,225,153.65,157,0.519505537,373.04,284
1619,MSFT240920C00230000,230,141.5,145.6,0.358771061,373.04,284
1620,MSFT240920C00235000,235,147.1,150.45,0.514988981,373.04,284
1621,MSFT240920C00240000,240,143.3,145.35,0.506169489,373.04,284
1622,MSFT240920C00245000,245,142.7,145.2,0.556278851,373.04,284
1623,MSFT240920C00250000,250,133.4,136.85,0.50839725,373.04,284
1624,MSFT240920C00255000,255,128.75,131.85,0.490636197,373.04,284
1625,MSFT240920C00260000,260,125.25,127.4,0.480565497,373.04,284
1626,MSFT240920C00265000,265,120.2,123,0.470983073,373.04,284
1627,MSFT240920C00270000,270,115.85,118.7,0.462468754,373.04,284
1628,MSFT240920C00275000,275,111.25,114.4,0.45367978,373.04,284
1629,MSFT240920C00280000,280,107.1,110,0.44348701,373.04,284
1630,MSFT240920C00285000,285,102.6,106.25,0.440450542,373.04,284
1631,MSFT240920C00290000,290,99.25,101.2,0.422552161,373.04,284
1632,MSFT240920C00295000,295,94.65,97.45,0.418798537,373.04,284
1633,MSFT240920C00300000,300,90.05,92.7,0.404089211,373.04,284
1634,MSFT240920C00305000,305,86.75,88.45,0.394461012,373.04,284
1635,MSFT240920C00310000,310,83.3,85.55,0.397772136,373.04,284
1636,MSFT240920C00315000,315,78.7,80.15,0.376364269,373.04,284
1637,MSFT240920C00320000,320,74.75,76.5,0.371496764,373.04,284
1638,MSFT240920C00325000,325,71.05,73.05,0.367880467,373.04,284
1639,MSFT240920C00330000,330,67.35,68.85,0.357046835,373.04,284
1640,MSFT240920C00335000,335,63.7,65.9,0.356695886,373.04,284
1641,MSFT240920C00340000,340,59.2,61.5,0.343359838,373.04,284
1642,MSFT240920C00345000,345,57.05,57.95,0.336813883,373.04,284
1643,MSFT240920C00350000,350,54.05,54.6,0.33136655,373.04,284
1644,MSFT240920C00355000,355,50.05,51.45,0.326911028,373.04,284
1645,MSFT240920C00360000,360,46.9,48.45,0.323020076,373.04,284
1646,MSFT240920C00365000,365,43.65,45.1,0.315756965,373.04,284
1647,MSFT240920C00370000,370,40,42.15,0.310965753,373.04,284
1648,MSFT240920C00375000,375,38.95,39.35,0.306662817,373.04,284
1649,MSFT240920C00380000,380,36.1,36.65,0.302420916,373.04,284
1650,MSFT240920C00385000,385,33.5,34.65,0.302817641,373.04,284
1651,MSFT240920C00390000,390,31.15,31.55,0.294120218,373.04,284
1652,MSFT240920C00395000,395,28.85,29.2,0.290397111,373.04,284
1653,MSFT240920C00400000,400,26.55,26.95,0.286689262,373.04,284
1654,MSFT240920C00405000,405,24.5,24.85,0.283393397,373.04,284
1655,MSFT240920C00410000,410,22.5,22.85,0.28011279,373.04,284
1656,MSFT240920C00415000,415,20.65,21,0.277244166,373.04,284
1657,MSFT240920C00420000,420,18.95,19.25,0.27440606,373.04,284
1658,MSFT240920C00425000,425,17.25,17.6,0.271628988,373.04,284
1659,MSFT240920C00430000,430,15.75,16.05,0.268897692,373.04,284
1660,MSFT240920C00435000,435,14.4,14.8,0.267997432,373.04,284
1661,MSFT240920C00440000,440,13.05,13.35,0.264594756,373.04,284
1662,MSFT240920C00445000,445,11.85,12.15,0.26265691,373.04,284
1663,MSFT240920C00450000,450,10.8,11,0.260429149,373.04,284
1664,MSFT240920C00455000,455,9.8,10,0.258918544,373.04,284
1665,MSFT240920C00460000,460,8.8,9.05,0.257209576,373.04,284
1666,MSFT240920C00465000,465,7.95,8.2,0.25582104,373.04,284
1667,MSFT240920C00470000,470,7.25,7.45,0.254859746,373.04,284
1668,MSFT240920C00475000,475,6.55,6.7,0.253211814,373.04,284
1669,MSFT240920C00480000,480,5.9,6.1,0.252708279,373.04,284
1670,MSFT240920C00485000,485,5.3,5.5,0.25157914,373.04,284
1671,MSFT240920C00490000,490,4.7,4.95,0.250465259,373.04,284
1672,MSFT240920C00500000,500,3.8,4.05,0.249275085,373.04,284
1673,MSFT240920C00505000,505,3.5,3.65,0.248603705,373.04,284
1674,MSFT240920C00510000,510,3.1,3.3,0.248176464,373.04,284
1675,MSFT240920C00515000,515,2.81,2.96,0.247383015,373.04,284
1676,MSFT240920C00520000,520,2.53,2.67,0.24698629,373.04,284
1677,MSFT240920C00525000,525,2.28,2.42,0.246894738,373.04,284
1678,MSFT240920C00530000,530,2.06,2.19,0.246772669,373.04,284
1679,MSFT240920C00535000,535,1.85,1.99,0.246894738,373.04,284
1680,MSFT240920C00540000,540,1.69,1.8,0.246772669,373.04,284
1681,MSFT240920C00550000,550,1.38,1.49,0.247199911,373.04,284
1682,MSFT240920C00560000,560,1.15,1.25,0.248237498,373.04,284
1683,MSFT240920C00570000,570,0.96,1.06,0.249702327,373.04,284
1684,MSFT241220C00125000,125,251,256,0.755739747,373.04,375
1685,MSFT241220C00130000,130,246.5,251.5,0.747133876,373.04,375
1686,MSFT241220C00135000,135,242,246.5,0.73053248,373.04,375
1687,MSFT241220C00140000,140,183,187.5,1.00E-05,373.04,375
1688,MSFT241220C00145000,145,188,192.15,1.00E-05,373.04,375
1689,MSFT241220C00150000,150,201.05,205.45,1.00E-05,373.04,375
1690,MSFT241220C00155000,155,223.75,227.2,0.673434662,373.04,375
1691,MSFT241220C00160000,160,130,134.5,1.00E-05,373.04,375
1692,MSFT241220C00165000,165,214,218.4,0.648624119,373.04,375
1693,MSFT241220C00170000,170,209,213.5,0.629489789,373.04,375
1694,MSFT241220C00175000,175,204.65,208.9,0.62097547,373.04,375
1695,MSFT241220C00180000,180,199.7,204.5,0.608188733,373.04,375
1696,MSFT241220C00185000,185,195,200,0.596988893,373.04,375
1697,MSFT241220C00190000,190,190.5,195,0.583011982,373.04,375
1698,MSFT241220C00195000,195,185.5,190.5,0.569248692,373.04,375
1699,MSFT241220C00200000,200,131.1,134.95,1.00E-05,373.04,375
1700,MSFT241220C00205000,205,144.5,148.95,1.00E-05,373.04,375
1701,MSFT241220C00210000,210,152.5,156.85,1.00E-05,373.04,375
1702,MSFT241220C00215000,215,164,167.75,0.496129306,373.04,375
1703,MSFT241220C00220000,220,163,167.5,0.518284846,373.04,375
1704,MSFT241220C00225000,225,158.85,162.45,0.507237594,373.04,375
1705,MSFT241220C00230000,230,151.9,154.65,0.476567734,373.04,375
1706,MSFT241220C00235000,235,149.5,154,0.518437433,373.04,375
1707,MSFT241220C00240000,240,145.35,148.6,0.496510772,373.04,375
1708,MSFT241220C00245000,245,141.9,145.05,0.497502584,373.04,375
1709,MSFT241220C00250000,250,137.6,140.35,0.484380156,373.04,375
1710,MSFT241220C00255000,255,132.5,136.1,0.476445665,373.04,375
1711,MSFT241220C00260000,260,129,131.15,0.460668235,373.04,375
1712,MSFT241220C00265000,265,124.05,126.95,0.453130469,373.04,375
1713,MSFT241220C00270000,270,119.05,122.8,0.445897875,373.04,375
1714,MSFT241220C00275000,275,115.95,119.3,0.444906064,373.04,375
1715,MSFT241220C00280000,280,111,113.9,0.424886733,373.04,375
1716,MSFT241220C00285000,285,107.85,110.5,0.424230611,373.04,375
1717,MSFT241220C00290000,290,104.35,106.05,0.413320686,373.04,375
1718,MSFT241220C00295000,295,99.6,101.9,0.405035247,373.04,375
1719,MSFT241220C00300000,300,94.7,97.5,0.39436946,373.04,375
1720,MSFT241220C00305000,305,92.15,94.1,0.392111181,373.04,375
1721,MSFT241220C00310000,310,88.6,90.4,0.386862211,373.04,375
1722,MSFT241220C00315000,315,85.05,86.95,0.383245914,373.04,375
1723,MSFT241220C00320000,320,80.85,84,0.383139103,373.04,375
1724,MSFT241220C00325000,325,76.1,78.7,0.364279429,373.04,375
1725,MSFT241220C00330000,330,74.15,75.25,0.359610286,373.04,375
1726,MSFT241220C00335000,335,70.3,71.6,0.353033813,373.04,375
1727,MSFT241220C00340000,340,67.6,68.2,0.347937429,373.04,375
1728,MSFT241220C00345000,345,62.4,65.35,0.346365789,373.04,375
1729,MSFT241220C00350000,350,60.85,61.7,0.338614402,373.04,375
1730,MSFT241220C00355000,355,57.1,59.2,0.33852285,373.04,375
1731,MSFT241220C00360000,360,54.2,57.3,0.341986561,373.04,375
1732,MSFT241220C00365000,365,51.5,52.45,0.324774819,373.04,375
1733,MSFT241220C00370000,370,48.2,49.55,0.320471883,373.04,375
1734,MSFT241220C00375000,375,45.85,46.8,0.316703,373.04,375
1735,MSFT241220C00380000,380,43.65,44.1,0.312766272,373.04,375
1736,MSFT241220C00385000,385,41.1,41.5,0.308997389,373.04,375
1737,MSFT241220C00390000,390,38.65,39,0.305365833,373.04,375
1738,MSFT241220C00395000,395,36.25,36.65,0.302222554,373.04,375
1739,MSFT241220C00400000,400,31.5,34.35,0.298880913,373.04,375
1740,MSFT241220C00405000,405,31.1,32.15,0.295676599,373.04,375
1741,MSFT241220C00410000,410,29.7,30.1,0.292945303,373.04,375
1742,MSFT241220C00415000,415,27.35,28.1,0.290000386,373.04,375
1743,MSFT241220C00420000,420,25.85,26.2,0.287208056,373.04,375
1744,MSFT241220C00425000,425,22,24.45,0.284904002,373.04,375
1745,MSFT241220C00430000,430,22.3,22.75,0.282401585,373.04,375
1746,MSFT241220C00435000,435,20.65,21.3,0.281150377,373.04,375
1747,MSFT241220C00440000,440,19.35,19.65,0.277930805,373.04,375
1748,MSFT241220C00445000,445,15.95,18.3,0.276359165,373.04,375
1749,MSFT241220C00450000,450,14.6,16.95,0.274268732,373.04,375
1750,MSFT241220C00455000,455,13.05,15.7,0.272422437,373.04,375
1751,MSFT241220C00460000,460,13.4,14.5,0.270423556,373.04,375
1752,MSFT241220C00470000,470,11.15,12.4,0.267341311,373.04,375
1753,MSFT241220C00475000,475,11.15,11.45,0.265891741,373.04,375
1754,MSFT241220C00480000,480,10.25,10.6,0.264838895,373.04,375
1755,MSFT241220C00485000,485,8.55,10.1,0.266608896,373.04,375
1756,MSFT241220C00490000,490,8.75,8.95,0.26175665,373.04,375
1757,MSFT241220C00495000,495,7.55,8.3,0.261207339,373.04,375
1758,MSFT241220C00500000,500,7.4,7.8,0.261817685,373.04,375
1759,MSFT241220C00505000,505,6.3,7,0.258781216,373.04,375
1760,MSFT241220C00510000,510,6.25,6.55,0.259147423,373.04,375
1761,MSFT241220C00515000,515,4.75,5.95,0.257346904,373.04,375
1762,MSFT241220C00520000,520,5.25,5.45,0.256294058,373.04,375
1763,MSFT241220C00525000,525,3.85,5.05,0.256080437,373.04,375
1764,MSFT241220C00530000,530,3.95,4.95,0.259650958,373.04,375
1765,MSFT241220C00535000,535,4.05,4.25,0.254524056,373.04,375
1766,MSFT241220C00540000,540,3.7,3.95,0.254646125,373.04,375
1767,MSFT241220C00550000,550,2.92,3.3,0.252998193,373.04,375
1768,MSFT241220C00560000,560,2.56,2.85,0.2533644,373.04,375
1769,MSFT241220C00570000,570,2.15,2.46,0.253730607,373.04,375
1770,MSFT250117C00110000,110,265.5,270.5,0.789125644,373.04,403
1771,MSFT250117C00115000,115,261,265.5,0.771364591,373.04,403
1772,MSFT250117C00120000,120,256,261,0.75403078,373.04,403
1773,MSFT250117C00125000,125,251.5,256.5,0.745119736,373.04,403
1774,MSFT250117C00130000,130,247,251.5,0.728335236,373.04,403
1775,MSFT250117C00135000,135,242,247,0.711977978,373.04,403
1776,MSFT250117C00140000,140,182.5,187,1.00E-05,373.04,403
1777,MSFT250117C00145000,145,233.15,237.3,0.6862214,373.04,403
1778,MSFT250117C00150000,150,228,233,0.671390005,373.04,403
1779,MSFT250117C00155000,155,178,183,1.00E-05,373.04,403
1780,MSFT250117C00160000,160,173.5,178.5,1.00E-05,373.04,403
1781,MSFT250117C00165000,165,214.5,219,0.637576866,373.04,403
1782,MSFT250117C00170000,170,209.5,214.5,0.622898058,373.04,403
1783,MSFT250117C00175000,175,205.55,209.55,0.614383739,373.04,403
1784,MSFT250117C00180000,180,200.5,205,0.599125103,373.04,403
1785,MSFT250117C00185000,185,196,200.5,0.589634231,373.04,403
1786,MSFT250117C00190000,190,191.5,196,0.58002129,373.04,403
1787,MSFT250117C00195000,195,158.9,162.1,1.00E-05,373.04,403
1788,MSFT250117C00200000,200,182,187,0.556553507,373.04,403
1789,MSFT250117C00205000,205,177.5,182.5,0.546879531,373.04,403
1790,MSFT250117C00210000,210,173,178,0.537144521,373.04,403
1791,MSFT250117C00215000,215,168.75,172.55,0.522313127,373.04,403
1792,MSFT250117C00220000,220,164,169,0.517521915,373.04,403
1793,MSFT250117C00225000,225,159.55,164.45,0.507634318,373.04,403
1794,MSFT250117C00230000,230,155,160,0.52921003,373.04,403
1795,MSFT250117C00235000,235,147.05,150.35,0.453756073,373.04,403
1796,MSFT250117C00240000,240,146.55,150.45,0.500951035,373.04,403
1797,MSFT250117C00245000,245,142,145.95,0.490224214,373.04,403
1798,MSFT250117C00250000,250,139,141.45,0.479512651,373.04,403
1799,MSFT250117C00255000,255,133.5,137.65,0.476262562,373.04,403
1800,MSFT250117C00260000,260,129,132.75,0.461187029,373.04,403
1801,MSFT250117C00265000,265,125.55,128.9,0.456929869,373.04,403
1802,MSFT250117C00270000,270,120.5,125.3,0.454717367,373.04,403
1803,MSFT250117C00275000,275,117.15,120.3,0.438741575,373.04,403
1804,MSFT250117C00280000,280,113.5,115.25,0.422521644,373.04,403
1805,MSFT250117C00285000,285,109.6,112.95,0.431341136,373.04,403
1806,MSFT250117C00290000,290,105.1,107.95,0.415472154,373.04,403
1807,MSFT250117C00295000,295,101.7,103.9,0.40790387,373.04,403
1808,MSFT250117C00300000,300,98.15,99.2,0.39470515,373.04,403
1809,MSFT250117C00305000,305,93.75,96.25,0.395788513,373.04,403
1810,MSFT250117C00310000,310,90.85,91.7,0.383551086,373.04,403
1811,MSFT250117C00315000,315,85.25,87.8,0.376333751,373.04,403
1812,MSFT250117C00320000,320,82.75,84.15,0.37074909,373.04,403
1813,MSFT250117C00325000,325,79.1,81.35,0.371145815,373.04,403
1814,MSFT250117C00330000,330,76.05,77.1,0.360418994,373.04,403
1815,MSFT250117C00335000,335,72.8,74.4,0.360602097,373.04,403
1816,MSFT250117C00340000,340,68.9,70.15,0.349356482,373.04,403
1817,MSFT250117C00345000,345,65.6,66.85,0.344504236,373.04,403
1818,MSFT250117C00350000,350,62.85,64.6,0.346396307,373.04,403
1819,MSFT250117C00355000,355,59.1,61.1,0.339331558,373.04,403
1820,MSFT250117C00360000,360,56.1,57.4,0.33058073,373.04,403
1821,MSFT250117C00365000,365,53.45,54.45,0.326430381,373.04,403
1822,MSFT250117C00370000,370,51.1,51.6,0.322501282,373.04,403
1823,MSFT250117C00375000,375,48.3,48.8,0.318442485,373.04,403
1824,MSFT250117C00380000,380,45.65,46.25,0.315535714,373.04,403
1825,MSFT250117C00385000,385,42.15,43.55,0.311209891,373.04,403
1826,MSFT250117C00390000,390,40.6,41.05,0.307685146,373.04,403
1827,MSFT250117C00395000,395,38.1,38.65,0.304328246,373.04,403
1828,MSFT250117C00400000,400,35.8,36.3,0.300818759,373.04,403
1829,MSFT250117C00405000,405,33.7,34.15,0.298102722,373.04,403
1830,MSFT250117C00410000,410,31.55,32,0.294890779,373.04,403
1831,MSFT250117C00415000,415,29.6,30,0.292151854,373.04,403
1832,MSFT250117C00420000,420,27.7,28.05,0.289252713,373.04,403
1833,MSFT250117C00425000,425,25.8,26.25,0.286841848,373.04,403
1834,MSFT250117C00430000,430,24.05,24.5,0.284278398,373.04,403
1835,MSFT250117C00435000,435,22.45,23,0.28290512,373.04,403
1836,MSFT250117C00440000,440,20.9,21.35,0.280021238,373.04,403
1837,MSFT250117C00445000,445,19.45,19.85,0.277679037,373.04,403
1838,MSFT250117C00450000,450,18.05,18.5,0.275909035,373.04,403
1839,MSFT250117C00455000,455,16.75,17.2,0.274024594,373.04,403
1840,MSFT250117C00460000,460,15.65,16,0.272407178,373.04,403
1841,MSFT250117C00465000,465,14.55,14.85,0.270682952,373.04,403
1842,MSFT250117C00470000,470,13.35,13.75,0.268882433,373.04,403
1843,MSFT250117C00475000,475,12.4,12.75,0.267417604,373.04,403
1844,MSFT250117C00480000,480,11.4,11.9,0.266761483,373.04,403
1845,MSFT250117C00485000,485,10.7,10.95,0.264793119,373.04,403
1846,MSFT250117C00490000,490,9.9,10.15,0.263694497,373.04,403
1847,MSFT250117C00495000,495,9.05,9.45,0.263084151,373.04,403
1848,MSFT250117C00500000,500,8.45,8.7,0.261588805,373.04,403
1849,MSFT250117C00505000,505,7.8,8.05,0.260627511,373.04,403
1850,MSFT250117C00510000,510,7.2,7.4,0.259254234,373.04,403
1851,MSFT250117C00515000,515,6.65,6.85,0.258521819,373.04,403
1852,MSFT250117C00520000,520,5.95,6.35,0.257972508,373.04,403
1853,MSFT250117C00525000,525,5.65,5.85,0.257026473,373.04,403
1854,MSFT250117C00530000,530,5.05,5.4,0.256294058,373.04,403
1855,MSFT250117C00535000,535,4.8,5.05,0.256477162,373.04,403
1856,MSFT250117C00540000,540,4.3,4.6,0.254981815,373.04,403
1857,MSFT250117C00550000,550,3.75,3.85,0.252845606,373.04,403
1858,MSFT250117C00560000,560,3.2,3.4,0.25403578,373.04,403
1859,MSFT250117C00570000,570,2.72,2.88,0.252906641,373.04,403
1860,MSFT250620C00115000,115,262,266.5,0.685397433,373.04,557
1861,MSFT250620C00120000,120,202.5,207,1.00E-05,373.04,557
1862,MSFT250620C00125000,125,253,257.5,0.666018965,373.04,557
1863,MSFT250620C00130000,130,246,250.5,0.593052165,373.04,557
1864,MSFT250620C00135000,135,243.5,248.2,0.637210659,373.04,557
1865,MSFT250620C00140000,140,209,213.95,1.00E-05,373.04,557
1866,MSFT250620C00145000,145,234.5,239.5,0.620914435,373.04,557
1867,MSFT250620C00150000,150,230,234.5,0.606266144,373.04,557
1868,MSFT250620C00155000,155,184.5,188.5,1.00E-05,373.04,557
1869,MSFT250620C00160000,160,190,194,1.00E-05,373.04,557
1870,MSFT250620C00165000,165,157,162,1.00E-05,373.04,557
1871,MSFT250620C00170000,170,212,216.5,0.56747869,373.04,557
1872,MSFT250620C00175000,175,164,169,1.00E-05,373.04,557
1873,MSFT250620C00180000,180,203,207.5,0.548130739,373.04,557
1874,MSFT250620C00185000,185,0,0,1.00E-05,373.04,557
1875,MSFT250620C00190000,190,194,199,0.532261758,373.04,557
1876,MSFT250620C00195000,195,194.5,198.4,0.578419133,373.04,557
1877,MSFT250620C00200000,200,185.5,190,0.515996051,373.04,557
1878,MSFT250620C00205000,205,142.05,145.95,1.00E-05,373.04,557
1879,MSFT250620C00210000,210,176.5,181.5,0.528157184,373.04,557
1880,MSFT250620C00215000,215,132,136,1.00E-05,373.04,557
1881,MSFT250620C00220000,220,163,166.9,0.44495184,373.04,557
1882,MSFT250620C00225000,225,163.5,167.95,0.495946203,373.04,557
1883,MSFT250620C00230000,230,0,0,1.00E-05,373.04,557
1884,MSFT250620C00235000,235,160.1,163.3,0.501668191,373.04,557
1885,MSFT250620C00240000,240,151.3,154.9,0.469243589,373.04,557
1886,MSFT250620C00245000,245,147,150.75,0.462148323,373.04,557
1887,MSFT250620C00250000,250,143.1,146.7,0.455815989,373.04,557
1888,MSFT250620C00255000,255,138.5,142.9,0.451482536,373.04,557
1889,MSFT250620C00260000,260,135.35,138.5,0.441854336,373.04,557
1890,MSFT250620C00265000,265,94.5,99,1.00E-05,373.04,557
1891,MSFT250620C00270000,270,127.4,130.2,0.4265957,373.04,557
1892,MSFT250620C00275000,275,119.55,124.5,0.406713697,373.04,557
1893,MSFT250620C00280000,280,119.8,122.95,0.418920606,373.04,557
1894,MSFT250620C00285000,285,115.75,118.55,0.408941458,373.04,557
1895,MSFT250620C00290000,290,112.2,114.6,0.402212399,373.04,557
1896,MSFT250620C00295000,295,108.2,111,0.397802653,373.04,557
1897,MSFT250620C00300000,300,104.55,107.7,0.395208685,373.04,557
1898,MSFT250620C00305000,305,100.55,103.4,0.385534709,373.04,557
1899,MSFT250620C00310000,310,97.6,100,0.381773455,373.04,557
1900,MSFT250620C00315000,315,94.7,96.65,0.378057977,373.04,557
1901,MSFT250620C00320000,320,90.2,93.7,0.376600778,373.04,557
1902,MSFT250620C00325000,325,88.15,90.05,0.370405771,373.04,557
1903,MSFT250620C00330000,330,84.55,85.85,0.360632614,373.04,557
1904,MSFT250620C00335000,335,81.2,83.35,0.361059856,373.04,557
1905,MSFT250620C00340000,340,78.4,79.75,0.354513901,373.04,557
1906,MSFT250620C00345000,345,75.25,76.9,0.352164071,373.04,557
1907,MSFT250620C00350000,350,71.1,73.15,0.344275356,373.04,557
1908,MSFT250620C00355000,355,68.95,71,0.345373978,373.04,557
1909,MSFT250620C00360000,360,66.5,69,0.346930359,373.04,557
1910,MSFT250620C00365000,365,61.5,64.35,0.333189957,373.04,557
1911,MSFT250620C00370000,370,60.4,62.5,0.334937071,373.04,557
1912,MSFT250620C00375000,375,58.05,59.1,0.327719736,373.04,557
1913,MSFT250620C00380000,380,54.8,58,0.332907672,373.04,557
1914,MSFT250620C00385000,385,52.45,53.7,0.32017434,373.04,557
1915,MSFT250620C00390000,390,50.55,51.45,0.318389079,373.04,557
1916,MSFT250620C00395000,395,47.65,49.5,0.317908432,373.04,557
1917,MSFT250620C00400000,400,44.65,46.5,0.311392995,373.04,557
1918,MSFT250620C00405000,405,43.35,45.1,0.313254548,373.04,557
1919,MSFT250620C00410000,410,41.4,42.55,0.30853963,373.04,557
1920,MSFT250620C00415000,415,38.3,40.45,0.305945661,373.04,557
1921,MSFT250620C00420000,420,37.05,38.05,0.3013757,373.04,557
1922,MSFT250620C00425000,425,34.6,36.2,0.299491258,373.04,557
1923,MSFT250620C00430000,430,31.9,34.25,0.296714186,373.04,557
1924,MSFT250620C00435000,435,31.5,32.35,0.293891339,373.04,557
1925,MSFT250620C00440000,440,29.95,31.35,0.295798668,373.04,557
1926,MSFT250620C00445000,445,28.05,29.2,0.290900646,373.04,557
1927,MSFT250620C00450000,450,26.75,27.65,0.289069609,373.04,557
1928,MSFT250620C00455000,455,25.25,28,0.297965394,373.04,557
1929,MSFT250620C00460000,460,23.8,25.3,0.288871247,373.04,557
1930,MSFT250620C00465000,465,21.3,23.9,0.287002064,373.04,557
1931,MSFT250620C00470000,470,19.95,22.25,0.283286586,373.04,557
1932,MSFT250620C00475000,475,18.75,21.3,0.283530724,373.04,557
1933,MSFT250620C00480000,480,17.5,20.25,0.282889862,373.04,557
1934,MSFT250620C00485000,485,16.4,18.9,0.280036497,373.04,557
1935,MSFT250620C00490000,490,15.35,17.95,0.279456668,373.04,557
1936,MSFT250620C00495000,495,14.35,17.1,0.279265935,373.04,557
1937,MSFT250620C00500000,500,13.55,15.4,0.272971748,373.04,557
1938,MSFT250620C00505000,505,12.4,15.25,0.27709158,373.04,557
1939,MSFT250620C00510000,510,11.55,14.35,0.275733561,373.04,557
1940,MSFT250620C00515000,515,11.3,13.6,0.275199509,373.04,557
1941,MSFT250620C00520000,520,10,12.55,0.272132523,373.04,557
1942,MSFT250620C00525000,525,9.35,11.45,0.268256829,373.04,557
1943,MSFT250620C00530000,530,8.7,10.85,0.267982174,373.04,557
1944,MSFT250620C00535000,535,8,10.75,0.271598471,373.04,557
1945,MSFT250620C00540000,540,7.45,10.05,0.270118383,373.04,557
1946,MSFT250620C00550000,550,6.4,9.25,0.271583212,373.04,557
1947,MSFT250620C00560000,560,6,8.2,0.270026831,373.04,557
1948,MSFT250620C00570000,570,5.75,7.65,0.272437696,373.04,557
1949,MSFT251219C00125000,125,254.5,259,0.609134768,373.04,739
1950,MSFT251219C00130000,130,250,254.5,0.59881993,373.04,739
1951,MSFT251219C00135000,135,245.5,250,0.588627161,373.04,739
1952,MSFT251219C00140000,140,241,245.5,0.578495426,373.04,739
1953,MSFT251219C00145000,145,236.5,241,0.568455243,373.04,739
1954,MSFT251219C00150000,150,232,237,0.562412823,373.04,739
1955,MSFT251219C00155000,155,227.5,232.5,0.552403158,373.04,739
1956,MSFT251219C00160000,160,223.5,228,0.546025048,373.04,739
1957,MSFT251219C00165000,165,219,223.5,0.536106934,373.04,739
1958,MSFT251219C00170000,170,214.5,219.5,0.529515203,373.04,739
1959,MSFT251219C00175000,175,209.5,213.75,0.508687164,373.04,739
1960,MSFT251219C00180000,180,202.5,207,0.497838274,373.04,739
1961,MSFT251219C00185000,185,199.5,204,0.506123713,373.04,739
1962,MSFT251219C00190000,190,197.5,202,0.523625369,373.04,739
1963,MSFT251219C00195000,195,193,198,0.518315364,373.04,739
1964,MSFT251219C00200000,200,189,193.5,0.507847939,373.04,739
1965,MSFT251219C00205000,205,185,189.5,0.502339571,373.04,739
1966,MSFT251219C00210000,210,180.5,185.5,0.496678617,373.04,739
1967,MSFT251219C00215000,215,176.5,180.8,0.484532743,373.04,739
1968,MSFT251219C00220000,220,172.5,176.75,0.478352995,373.04,739
1969,MSFT251219C00225000,225,168.5,172.85,0.473332903,373.04,739
1970,MSFT251219C00230000,230,164,168.7,0.466069792,373.04,739
1971,MSFT251219C00235000,235,164.1,168.55,0.49060568,373.04,739
1972,MSFT251219C00240000,240,156,160.2,0.449865121,373.04,739
1973,MSFT251219C00245000,245,114.55,118.5,1.00E-05,373.04,739
1974,MSFT251219C00250000,250,148.5,152.75,0.44147287,373.04,739
1975,MSFT251219C00255000,255,144.5,148.6,0.433904587,373.04,739
1976,MSFT251219C00260000,260,141.35,144.6,0.42737389,373.04,739
1977,MSFT251219C00265000,265,137.7,140.45,0.419721684,373.04,739
1978,MSFT251219C00270000,270,133.05,136.45,0.413046031,373.04,739
1979,MSFT251219C00275000,275,129.95,133.05,0.4102537,373.04,739
1980,MSFT251219C00280000,280,126.9,129.2,0.404302832,373.04,739
1981,MSFT251219C00285000,285,122,125.6,0.399832052,373.04,739
1982,MSFT251219C00290000,290,118.9,121.95,0.394857736,373.04,739
1983,MSFT251219C00295000,295,115.85,119.3,0.395773254,373.04,739
1984,MSFT251219C00300000,300,112.25,115.9,0.391867043,373.04,739
1985,MSFT251219C00305000,305,109.55,111.5,0.381971818,373.04,739
1986,MSFT251219C00310000,310,106.5,108.25,0.378653064,373.04,739
1987,MSFT251219C00315000,315,101.65,104.5,0.372305471,373.04,739
1988,MSFT251219C00320000,320,99.7,101.9,0.372191032,373.04,739
1989,MSFT251219C00325000,325,96.7,98.65,0.368231415,373.04,739
1990,MSFT251219C00330000,330,92.8,95,0.361944857,373.04,739
1991,MSFT251219C00335000,335,90.1,91.75,0.357641922,373.04,739
1992,MSFT251219C00340000,340,86.95,88.7,0.35419347,373.04,739
1993,MSFT251219C00345000,345,84.45,86.05,0.352576054,373.04,739
1994,MSFT251219C00350000,350,80,82.9,0.348181567,373.04,739
1995,MSFT251219C00355000,355,78.15,80.55,0.347601739,373.04,739
1996,MSFT251219C00360000,360,75.2,78,0.345755444,373.04,739
1997,MSFT251219C00365000,365,72.6,75.2,0.342451949,373.04,739
1998,MSFT251219C00370000,370,70.45,71.8,0.336005175,373.04,739
1999,MSFT251219C00375000,375,66.2,69.15,0.333014482,373.04,739
2000,MSFT251219C00380000,380,65,66.55,0.330054307,373.04,739
2001,MSFT251219C00385000,385,63,63.9,0.326621114,373.04,739
2002,MSFT251219C00390000,390,59.5,61.5,0.324164473,373.04,739
2003,MSFT251219C00395000,395,58.05,59.7,0.32431706,373.04,739
2004,MSFT251219C00400000,400,55.35,57.4,0.321868048,373.04,739
2005,MSFT251219C00405000,405,53.05,54.55,0.31658856,373.04,739
2006,MSFT251219C00410000,410,51.4,52.6,0.315337352,373.04,739
2007,MSFT251219C00415000,415,48.95,50.25,0.311957564,373.04,739
2008,MSFT251219C00420000,420,46.65,48.8,0.312606056,373.04,739
2009,MSFT251219C00425000,425,45.2,46.25,0.307822474,373.04,739
2010,MSFT251219C00430000,430,43.4,44.25,0.30540398,373.04,739
2011,MSFT251219C00435000,435,41.45,42.65,0.304663936,373.04,739
2012,MSFT251219C00440000,440,39.4,40.75,0.302260701,373.04,739
2013,MSFT251219C00445000,445,37.9,40.5,0.307547818,373.04,739
2014,MSFT251219C00450000,450,36.15,38,0.301825829,373.04,739
2015,MSFT251219C00455000,455,34.15,35.75,0.297034618,373.04,739
2016,MSFT251219C00460000,460,32.9,34.65,0.297629704,373.04,739
2017,MSFT251219C00465000,465,30.35,33.4,0.297286385,373.04,739
2018,MSFT251219C00470000,470,28.9,31.95,0.295745263,373.04,739
2019,MSFT251219C00475000,475,27.5,30,0.291457586,373.04,739
2020,MSFT251219C00480000,480,26.15,29.2,0.292762199,373.04,739
2021,MSFT251219C00485000,485,24.65,27.65,0.290046162,373.04,739
2022,MSFT251219C00490000,490,23.6,26.7,0.290214007,373.04,739
2023,MSFT251219C00495000,495,23.5,26.45,0.293906597,373.04,739
2024,MSFT251219C00500000,500,21.25,23.75,0.284385208,373.04,739
2025,MSFT251219C00505000,505,20.15,22.7,0.283401026,373.04,739
2026,MSFT251219C00510000,510,19.15,21.45,0.281104601,373.04,739
2027,MSFT251219C00515000,515,18.15,21.2,0.284217363,373.04,739
2028,MSFT251219C00520000,520,17.2,20.15,0.282676241,373.04,739
2029,MSFT251219C00525000,525,16.25,18.4,0.276801666,373.04,739
2030,MSFT251219C00530000,530,15.4,17.5,0.275626751,373.04,739
2031,MSFT251219C00535000,535,14.6,17.5,0.279746582,373.04,739
2032,MSFT251219C00540000,540,13.8,16.65,0.278586926,373.04,739
2033,MSFT251219C00560000,560,11.8,12.85,0.269096054,373.04,739
2034,MSFT251219C00570000,570,10,12.1,0.270972867,373.04,739
2035,MSFT260116C00160000,160,223.5,228.5,0.539402799,373.04,767
2036,MSFT260116C00165000,165,219.5,224,0.532811068,373.04,767
2037,MSFT260116C00170000,170,215,220,0.526066751,373.04,767
2038,MSFT260116C00180000,180,206.5,211,0.509343286,373.04,767
2039,MSFT260116C00185000,185,206.5,211,0.548374878,373.04,767
2040,MSFT260116C00190000,190,198,202.5,0.519200365,373.04,767
2041,MSFT260116C00195000,195,194,198.5,0.513798807,373.04,767
2042,MSFT260116C00200000,200,189.5,194.5,0.508229405,373.04,767
2043,MSFT260116C00205000,205,185.5,190,0.497807756,373.04,767
2044,MSFT260116C00210000,210,181.5,185.7,0.489354472,373.04,767
2045,MSFT260116C00215000,215,177,181.35,0.480504463,373.04,767
2046,MSFT260116C00220000,220,173,177.3,0.474278939,373.04,767
2047,MSFT260116C00225000,225,169,173.1,0.466710655,373.04,767
2048,MSFT260116C00230000,230,165,169.1,0.460744528,373.04,767
2049,MSFT260116C00235000,235,161,165.2,0.455449781,373.04,767
2050,MSFT260116C00240000,240,157,161.5,0.451558829,373.04,767
2051,MSFT260116C00245000,245,153,157.2,0.442983475,373.04,767
2052,MSFT260116C00250000,250,149.5,154,0.442418906,373.04,767
2053,MSFT260116C00255000,255,145.5,149.95,0.435476226,373.04,767
2054,MSFT260116C00260000,260,141.5,145.6,0.426412596,373.04,767
2055,MSFT260116C00265000,265,138,141.8,0.421102591,373.04,767
2056,MSFT260116C00270000,270,134.05,138.55,0.419286813,373.04,767
2057,MSFT260116C00275000,275,130.75,134.25,0.410421545,373.04,767
2058,MSFT260116C00280000,280,127.5,130.3,0.403799297,373.04,767
2059,MSFT260116C00285000,285,123.05,126.85,0.400167742,373.04,767
2060,MSFT260116C00290000,290,119.5,123.3,0.395742737,373.04,767
2061,MSFT260116C00295000,295,116.65,120,0.392622346,373.04,767
2062,MSFT260116C00300000,300,113.75,116.3,0.386969021,373.04,767
2063,MSFT260116C00305000,305,111.2,112.8,0.382338025,373.04,767
2064,MSFT260116C00310000,310,106.95,109.35,0.377821468,373.04,767
2065,MSFT260116C00315000,315,104.55,106.35,0.375616595,373.04,767
2066,MSFT260116C00320000,320,100.25,103.5,0.373983921,373.04,767
2067,MSFT260116C00325000,325,97.15,100.1,0.369162192,373.04,767
2068,MSFT260116C00330000,330,94.6,96.75,0.364454903,373.04,767
2069,MSFT260116C00335000,335,90.45,93.25,0.358801578,373.04,767
2070,MSFT260116C00340000,340,87.55,91.25,0.360663132,373.04,767
2071,MSFT260116C00345000,345,84.35,87.15,0.35162239,373.04,767
2072,MSFT260116C00350000,350,83.05,85.1,0.352713382,373.04,767
2073,MSFT260116C00355000,355,80.2,81.5,0.345877513,373.04,767
2074,MSFT260116C00360000,360,78,78.65,0.342566389,373.04,767
2075,MSFT260116C00365000,365,73.35,75.8,0.339041644,373.04,767
2076,MSFT260116C00370000,370,72.55,73.8,0.339400222,373.04,767
2077,MSFT260116C00375000,375,69.25,70.65,0.334021552,373.04,767
2078,MSFT260116C00380000,380,66.9,67.9,0.33035185,373.04,767
2079,MSFT260116C00385000,385,64.55,65.4,0.327658701,373.04,767
2080,MSFT260116C00390000,390,62.05,63.35,0.326849993,373.04,767
2081,MSFT260116C00395000,395,57.85,61.2,0.325339388,373.04,767
2082,MSFT260116C00400000,400,57.1,58.3,0.320120935,373.04,767
2083,MSFT260116C00405000,405,54.35,56.85,0.321425548,373.04,767
2084,MSFT260116C00410000,410,51.65,54.25,0.317176018,373.04,767
2085,MSFT260116C00415000,415,50.8,51.85,0.313628385,373.04,767
2086,MSFT260116C00420000,420,48.5,49.7,0.311019158,373.04,767
2087,MSFT260116C00425000,425,46.2,48.1,0.310744502,373.04,767
2088,MSFT260116C00430000,430,43.05,45.75,0.306769628,373.04,767
2089,MSFT260116C00435000,435,41,43.9,0.304892815,373.04,767
2090,MSFT260116C00440000,440,39,42,0.302558244,373.04,767
2091,MSFT260116C00445000,445,38.55,40.6,0.302359882,373.04,767
2092,MSFT260116C00450000,450,37.75,39.2,0.301963157,373.04,767
2093,MSFT260116C00455000,455,36.05,37.6,0.300406776,373.04,767
2094,MSFT260116C00460000,460,34.45,36.45,0.300803501,373.04,767
2095,MSFT260116C00465000,465,32.5,34.5,0.297141428,373.04,767
2096,MSFT260116C00470000,470,30.4,33.25,0.296653152,373.04,767
2097,MSFT260116C00475000,475,29.75,31.75,0.294745822,373.04,767
2098,MSFT260116C00480000,480,27.6,30.4,0.293364916,373.04,767
2099,MSFT260116C00490000,490,25.05,27.85,0.290748059,373.04,767
2100,MSFT260116C00500000,500,23.8,24.8,0.284690381,373.04,767
2101,MSFT260116C00520000,520,18.4,21.3,0.283896932,373.04,767
2102,MSFT260116C00540000,540,15.25,17.4,0.277968951,373.04,767
2103,MSFT260116C00560000,560,11.85,14.85,0.277305201,373.04,767
2104,MSFT260116C00570000,570,11.15,12.9,0.27149166,373.04,767